OBJECTID,City,ZIP Code,LICENSED_CERTIFIED,FLAG,T18_19,FACID,FAC_STATUS_TYPE_CODE,ASPEN_FACID,CCN,TERMINAT_SW,PARTICIPATION_DATE,APPROVAL_DATE,NPI,CAN_BE_DEEMED_FAC_TYPE,CAN_BE_CERTIFIED_FAC_TYPE,DEEMED,AO_CD,DMG_EFCTV_DT,AO_TRMNTN_DT,AO_NAME,FACNAME,FAC_TYPE_CODE,FAC_FDR,LTC,CAPACITY,ADDRESS,ZIP9,FACADMIN,CONTACT_EMAIL,CONTACT_FAX,CONTACT_PHONE_NUMBER,COUNTY_CODE,COUNTY_NAME,DISTRICT_NUMBER,DISTRICT_NAME,ISFACMAIN,PARENT_FACID,FAC_FAC_RELATIONSHIP_TYPE_CODE,START_DATE,LICENSE_NUMBER,BUSINESS_NAME,LICENSE_STATUS_DESCRIPTION,INITIAL_LICENSE_DATE,LICENSE_EFFECTIVE_DATE,LICENSE_EXPIRATION_DATE,ENTITY_TYPE_DESCRIPTION,LATITUDE,LONGITUDE,LOCATION,HCAI_ID,CCLHO_CODE,CCLHO_NAME,FIPS_COUNTY_CODE,BIRTHING_FACILITY_FLAG,TRAUMA_PED_CTR,TRAUMA_CTR,TYPE_OF_CARE,CRITICAL_ACCESS_HOSPITAL,DATA_DATE,x,y
171620,TORRANCE,90502,LICENSED AND CERTIFIED,,,060000027,OPEN,CA060000027,050376,,1966-07-01T00:00:00,2020-05-15T00:00:00,1487865184,Y,Y,1,1,2023-04-15T00:00:00,,JC,LAC/HARBOR UCLA MEDICAL CENTER,GACH,GENERAL ACUTE CARE HOSPITAL,NON-LTC,415,1000 W CARSON ST,2004,"TURNER, ANDREA",JREES@DHS.LACOUNTY.GOV,(310) 328-9624,(424) 306-6371,200,LOS ANGELES,6,ORANGE,Y,,PARENT,,60000129,LOS ANGELES COUNTY DEPARTMENT OF HEALTH SERVICES,ACTIVE,1953-07-01T00:00:00,2026-05-01T00:00:00,2027-04-30T00:00:00,COUNTY,33.830325,-118.2920175,"(-118.2920175,33.830325)",106191227,19,LOS ANGELES,6037,YES,LEVEL II PED,LEVEL I,,,2026-06-15T00:00:00,6472976.51029131,1760762.32684931
171621,DOWNEY,90242,LICENSED AND CERTIFIED,,,060000028,OPEN,CA060000028,050717,,1997-07-01T00:00:00,2016-04-14T00:00:00,1336156363,Y,Y,1,1,2022-11-11T00:00:00,,JC,LAC/RANCHO LOS AMIGOS NATIONAL REHABILITATION CENTER,GACH,GENERAL ACUTE CARE HOSPITAL,NON-LTC,158,7601 IMPERIAL HWY,3456,"WILKS, KONITA",CMARTINEZ@DHS.LACOUNTY.GOV,,(562) 385-7842,200,LOS ANGELES,6,ORANGE,Y,,PARENT,,60000161,LOS ANGELES COUNTY DEPARTMENT OF HEALTH SERVICES,ACTIVE,1953-07-01T00:00:00,2026-03-31T00:00:00,2027-03-30T00:00:00,COUNTY,33.9291,-118.1579985,"(-118.1579985,33.9291)",106191306,19,LOS ANGELES,6037,,,,,,2026-06-15T00:00:00,6513736.5744403,1796617.77876031
171622,LOS ANGELES,90059,LICENSED AND CERTIFIED,,,060000035,OPEN,CA06000035,050779,,2015-06-30T00:00:00,2023-06-24T00:00:00,1114367497,Y,Y,1,1,2024-09-14T00:00:00,,JC,"MARTIN LUTHER KING, JR. COMMUNITY HOSPITAL",GACH,GENERAL ACUTE CARE HOSPITAL,NON-LTC,131,1680 EAST 120TH STREET,3019,"BATCHLOR, ELAINE E",EDELEON@MLKCH.ORG,,(909) 374-3979,200,LOS ANGELES,6,ORANGE,Y,,PARENT,,60000132,MARTIN LUTHER KING JR HEALTHCARE CORPORATION,ACTIVE,,2026-03-01T00:00:00,2027-02-28T00:00:00,NONPROFIT CORP,33.924186,-118.244151,"(-118.244151,33.924186)",106191230,19,LOS ANGELES,6037,YES,,,,,2026-06-15T00:00:00,6487597.23203406,1794881.74909589
171623,SYLMAR,91342,LICENSED AND CERTIFIED,,,060000038,OPEN,CA060000038,050040,,1972-03-15T00:00:00,2018-02-21T00:00:00,1285845982,Y,Y,1,1,2023-06-10T00:00:00,,JC,LAC/OLIVE VIEW-UCLA MEDICAL CENTER,GACH,GENERAL ACUTE CARE HOSPITAL,NON-LTC,303,14445 OLIVE VIEW DR,1437,"SOLIS, EDGAR",KNUNN@DHS.LACOUNTY.GOV,,(747) 210-3854,200,LOS ANGELES,6,ORANGE,Y,,PARENT,,60000133,LOS ANGELES COUNTY DEPARTMENT OF HEALTH SERVICES,ACTIVE,1959-11-20T00:00:00,2026-05-08T00:00:00,2027-05-07T00:00:00,COUNTY,34.326981,-118.4517,"(-118.4517,34.326981)",106191231,19,LOS ANGELES,6037,YES,,,,,2026-06-15T00:00:00,6425290.99148931,1941683.06802548
171624,LOS ANGELES,90033,LICENSED AND CERTIFIED,,,060000040,OPEN,CA060000040,050373,,1966-07-01T00:00:00,2024-01-23T00:00:00,1093728743,Y,Y,1,1,2023-03-04T00:00:00,,JC,LOS ANGELES GENERAL MEDICAL CENTER,GACH,GENERAL ACUTE CARE HOSPITAL,NON-LTC,572,"2051 MARENGO ST, ROOM C2K100",1352,"OROZCO, JORGE",MTORRES7@DHS.LACOUNTY.GOV,,(323) 409-7572,200,LOS ANGELES,6,ORANGE,Y,,PARENT,,60000130,LOS ANGELES COUNTY DEPARTMENT OF HEALTH SERVICES,ACTIVE,1953-07-01T00:00:00,2026-04-01T00:00:00,2027-03-31T00:00:00,COUNTY,34.05627769,-118.2064778,"(-118.2064778,34.056277689)",106191228,19,LOS ANGELES,6037,YES,LEVEL II PED,LEVEL I,,,2026-06-15T00:00:00,6499125.08627489,1842926.95057748
171876,WEST HOLLYWOOD,90048,CERTIFIED ONLY,,,630011539,OPEN,CA630011542,059801,,2008-01-14T00:00:00,2023-09-18T00:00:00,,N,Y,0,,,,,CEDAR SINAI MEDICAL CENTER,TRANS,GENERAL ACUTE CARE HOSPITAL,NON-LTC,0,8700 BEVERLY BLVD,1804,,,,(310) 423-3277,200,LOS ANGELES,93,LA ACUTE/ANCILLARY,Y,,PARENT,,,,,,,,,34.076538,-118.3800015,"(-118.3800015,34.076538)",,19,LOS ANGELES,6037,,,,,,2026-06-15T00:00:00,6446593.28254606,1850453.34858239
171957,LOS ANGELES,90027,LICENSED AND CERTIFIED,,,630012611,OPEN,CATH00027,059813,,2010-04-30T00:00:00,2017-07-24T00:00:00,,N,Y,0,,,,,CHILDREN'S HOSPITAL OF LOS ANGELES,TRANS,GENERAL ACUTE CARE HOSPITAL,NON-LTC,0,4650 W SUNSET BLVD,6062,,,,,200,LOS ANGELES,93,LA ACUTE/ANCILLARY,N,930000034,OTHER CERTIFIABLE PART,10FEB2010,930000032,CHILDREN'S HOSPITAL LOS ANGELES,ACTIVE,1946-01-01T00:00:00,2026-01-01T00:00:00,2026-12-31T00:00:00,NONPROFIT CORP,34.097868,-118.290636,"(-118.290636,34.097868)",,19,LOS ANGELES,6037,,,,,,2026-06-15T00:00:00,6473677.6132198,1858125.43002298
174255,TORRANCE,90502,LICENSED AND CERTIFIED,USE PARENT MATCH,,630027486,OPEN,CA060000027,050376,,1966-07-01T00:00:00,2020-05-15T00:00:00,1487865184,Y,Y,1,1,2023-04-15T00:00:00,,JC,LAC/HARBOR UCLA MEDICAL CENTER,TRANS,GENERAL ACUTE CARE HOSPITAL,NON-LTC,0,1000 W CARSON ST,2004,,,,,200,LOS ANGELES,6,ORANGE,N,060000027,OTHER CERTIFIABLE PART,05JUN2019,60000129,LOS ANGELES COUNTY DEPARTMENT OF HEALTH SERVICES,ACTIVE,1953-07-01T00:00:00,2026-05-01T00:00:00,2027-04-30T00:00:00,COUNTY,33.830266,-118.292063,"(-118.292063,33.830266001)",,19,LOS ANGELES,6037,,,,,,2026-06-15T00:00:00,6472962.62875739,1760740.89546172
174489,PARAMOUNT,90723,LICENSED ONLY,,,930000033,OPEN,CA93000033,,Y,,,,Y,Y,1,1,1998-09-25T00:00:00,,JC,KINDRED HOSPITAL PARAMOUNT,GACH,GENERAL ACUTE CARE HOSPITAL,NON-LTC,183,16453 COLORADO AVE,5011,"APODACA, MARK",MARK.APODACA@KINDRED.COM,(562) 531-4699,(562) 531-3110,200,LOS ANGELES,93,LA ACUTE/ANCILLARY,Y,,PARENT,,930000088,"KND REAL ESTATE 40, LLC",ACTIVE,2004-06-30T00:00:00,2026-06-30T00:00:00,2027-06-29T00:00:00,LIMITED LIABILITY COMPANY,33.884334,-118.1621475,"(-118.1621475,33.884334)",106190599,19,LOS ANGELES,6037,,,,,,2026-06-15T00:00:00,6512451.66329622,1780328.4179664
174554,LOS ANGELES,90027,LICENSED AND CERTIFIED,,,930000034,OPEN,CA930000034,053302,,1984-03-01T00:00:00,2021-08-05T00:00:00,1124073366,Y,Y,1,15,2021-06-10T00:00:00,,DNV GL,CHILDREN'S HOSPITAL LOS ANGELES,GACH,GENERAL ACUTE CARE HOSPITAL,NON-LTC,438,4650 W SUNSET BLVD,6062,"VIVIANO, PAUL  S",ACCRLICENSE@CHLA.USC.EDU,(323) 361-4002,(323) 208-2860,200,LOS ANGELES,93,LA ACUTE/ANCILLARY,Y,,PARENT,,930000032,CHILDREN'S HOSPITAL LOS ANGELES,ACTIVE,1946-01-01T00:00:00,2026-01-01T00:00:00,2026-12-31T00:00:00,NONPROFIT CORP,34.097868,-118.290636,"(-118.290636,34.097868)",106190170,19,LOS ANGELES,6037,,LEVEL I PED,,,,2026-06-15T00:00:00,6473677.6132198,1858125.43002298
174556,LOS ANGELES,90015,LICENSED AND CERTIFIED,,,930000002,OPEN,CA930000002,050149,,1966-07-01T00:00:00,2023-07-22T00:00:00,1114081056,Y,Y,1,1,2023-04-15T00:00:00,,JC,CALIFORNIA HOSPITAL MEDICAL CENTER - LOS ANGELES,GACH,GENERAL ACUTE CARE HOSPITAL,NON-LTC,392,1401 S GRAND AVE,3010,"WELTON, JILL",ALINA.MORAN@COMMONSPIRIT.ORG,(213) 765-4078,(213) 748-2411,200,LOS ANGELES,93,LA ACUTE/ANCILLARY,Y,,PARENT,,930000024,DIGNITY COMMUNITY CARE,ACTIVE,1946-01-01T00:00:00,2026-01-01T00:00:00,2026-12-31T00:00:00,NONPROFIT CORP,34.03746,-118.2658005,"(-118.2658005,34.03746)",106190125,19,LOS ANGELES,6037,YES,,LEVEL II,,,2026-06-15T00:00:00,6481138.32533246,1836121.06163023
174557,LOS ANGELES,90048,LICENSED AND CERTIFIED,,,930000004,OPEN,CA930000004,050625,,1976-04-01T00:00:00,2023-09-07T00:00:00,1639172372,Y,Y,1,1,2023-06-24T00:00:00,,JC,CEDARS-SINAI MEDICAL CENTER,GACH,GENERAL ACUTE CARE HOSPITAL,NON-LTC,919,8700 BEVERLY BOULEVARD,1804,"SLAVIN, PETER",CHRISTINE.TUCHMAYER@CSHS.ORG,,(310) 423-4298,200,LOS ANGELES,93,LA ACUTE/ANCILLARY,Y,,PARENT,,930000110,CEDARS-SINAI MEDICAL CENTER,ACTIVE,1955-08-15T00:00:00,2025-11-06T00:00:00,2026-11-05T00:00:00,NONPROFIT CORP,34.076538,-118.3800015,"(-118.3800015,34.076538)",106190555,19,LOS ANGELES,6037,YES,LEVEL II PED,LEVEL I,,,2026-06-15T00:00:00,6446593.28254606,1850453.34858239
174558,ALHAMBRA,91801,LICENSED AND CERTIFIED,,,930000005,OPEN,CA93000000005,050281,,1966-07-01T00:00:00,2018-02-23T00:00:00,1588793574,Y,Y,1,1,2017-08-22T00:00:00,,JC,ALHAMBRA HOSPITAL MEDICAL CENTER,GACH,GENERAL ACUTE CARE HOSPITAL,NON-LTC,118,100 S RAYMOND AVE,3166,"KU, EVELYN",INFO@ALHAMBRAHOSPITAL.COM,(626) 656-6049,(626) 458-4770,200,LOS ANGELES,93,LA ACUTE/ANCILLARY,Y,,PARENT,,930000005,"ALHAMBRA HOSPITAL MEDICAL CENTER, L.P.",ACTIVE,1946-01-01T00:00:00,2026-01-09T00:00:00,2026-11-27T00:00:00,PARTNERSHIP,34.090488,-118.144098,"(-118.144098,34.090488)",106190017,19,LOS ANGELES,6037,,,,,,2026-06-15T00:00:00,6518037.59470963,1855343.77482514
174560,LANCASTER,93534,LICENSED AND CERTIFIED,,,930000008,OPEN,CA930000008,050056,,1966-07-01T00:00:00,2023-02-10T00:00:00,1366419517,Y,Y,1,1,2022-10-22T00:00:00,,JC,ANTELOPE VALLEY MEDICAL CENTER,GACH,GENERAL ACUTE CARE HOSPITAL,NON-LTC,390,1600 W AVENUE J,,"MIRAZBEGIAN, EDWARD",EDWARD.MIRZABEGIAN@AVMC.ORG,(661) 949-5510,(661) 949-5000,200,LOS ANGELES,93,LA ACUTE/ANCILLARY,Y,,PARENT,,930000008,ANTELOPE VALLEY HEALTHCARE DISTRICT,ACTIVE,1955-09-27T00:00:00,2026-06-03T00:00:00,2026-10-31T00:00:00,HEALTH CARE DISTRICT,34.68935389,-118.1585617,"(-118.1585617,34.689353892)",106190034,19,LOS ANGELES,6037,YES,,LEVEL II,,,2026-06-15T00:00:00,6514002.1644603,2073290.28775014
174561,MONTEBELLO,90640,LICENSED AND CERTIFIED,,,930000012,OPEN,CA930000012,050350,,1966-07-01T00:00:00,2019-08-13T00:00:00,,Y,Y,1,15,2019-03-12T00:00:00,,DNV GL,ADVENTIST HEALTH WHITE MEMORIAL MONTEBELLO,GACH,GENERAL ACUTE CARE HOSPITAL,NON-LTC,192,309 W BEVERLY BLVD,4308,"RAFFOUL, JOHN",BRYANTMC@AH.ORG,,(323) 268-5000,200,LOS ANGELES,93,LA ACUTE/ANCILLARY,Y,930000191,CONSOLIDATED,07SEP2023,930000195,WHITE MEMORIAL MEDICAL CENTER,ACTIVE,1946-01-01T00:00:00,2026-05-27T00:00:00,2026-10-31T00:00:00,NONPROFIT CORP,34.015014,-118.100637,"(-118.100637,34.015014)",106190081,19,LOS ANGELES,6037,YES,,,,,2026-06-15T00:00:00,6531168.93393247,1827861.30846472
174562,AVALON,90704,LICENSED AND CERTIFIED,,,930000013,OPEN,CA930000013,051307,,2001-11-30T00:00:00,,1346250347,Y,Y,0,,,,,CATALINA ISLAND HEALTH,GACH,GENERAL ACUTE CARE HOSPITAL,NON-LTC,8,100 FALLS CANYON RD.,1563,"PARET, JASON",TKIELPINSKI@CI-HEALTH.ORG,,(661) 619-8349,200,LOS ANGELES,93,LA ACUTE/ANCILLARY,Y,,PARENT,,930000010,CATALINA ISLAND HEALTH,ACTIVE,1946-01-01T00:00:00,2026-01-01T00:00:00,2026-12-31T00:00:00,NONPROFIT CORP,33.339267,-118.3307535,"(-118.3307535,33.339267)",106190045,19,LOS ANGELES,6037,,,,,Y,2026-06-15T00:00:00,6460623.76859264,1582083.70257998
174563,LOS ANGELES,90026,LICENSED AND CERTIFIED,,,930000014,OPEN,CA930000014,052031,,1984-09-01T00:00:00,2023-07-22T00:00:00,1851368369,Y,Y,1,1,2023-04-15T00:00:00,,JC,BARLOW RESPIRATORY HOSPITAL,GACH,GENERAL ACUTE CARE HOSPITAL,NON-LTC,109,2000 STADIUM WAY,2606,"MOHAN, AMIT",AMOHAN@BARLOWHOSPITAL.ORG,(213) 202-6802,(213) 202-6886,200,LOS ANGELES,93,LA ACUTE/ANCILLARY,Y,,PARENT,,930000011,BARLOW RESPIRATORY HOSPITAL,ACTIVE,1946-01-01T00:00:00,2026-05-19T00:00:00,2026-10-31T00:00:00,NONPROFIT CORP,34.075809,-118.2481425,"(-118.2481425,34.075809)",106190052,19,LOS ANGELES,6037,,,,,,2026-06-15T00:00:00,6486522.52880289,1850063.28801081
174564,LOS ANGELES,90067,LICENSED AND CERTIFIED,,,930000031,OPEN,CA93000031,053039,,2016-09-20T00:00:00,2023-04-07T00:00:00,1265814065,Y,Y,1,1,2023-01-28T00:00:00,,JC,"CALIFORNIA REHABILITATION INSTITUTE, LLC",GACH,GENERAL ACUTE CARE HOSPITAL,NON-LTC,138,2070 CENTURY PARK E,1907,"JAWHARJIAN, ALEX",AJAWHARJIAN@SELECTMEDICAL.COM,(424) 522-7099,(424) 522-7879,200,LOS ANGELES,93,LA ACUTE/ANCILLARY,Y,,PARENT,,930000029,"CALIFORNIA REHABILITATION INSTITUTE, LLC",ACTIVE,1972-04-27T00:00:00,2025-07-19T00:00:00,2026-07-18T00:00:00,LIMITED LIABILITY COMPANY,34.05906,-118.412271,"(-118.412271,34.05906)",106190155,19,LOS ANGELES,6037,,,,,,2026-06-15T00:00:00,6436795.28442556,1844131.33301122
174565,CULVER CITY,90232,LICENSED AND CERTIFIED,USE PARENT MATCH,,930000015,OPEN,CA930000064,050135,,1976-01-19T00:00:00,2023-09-14T00:00:00,1245224732,Y,Y,1,1,2023-02-18T00:00:00,,JC,SOUTHERN CALIFORNIA HOSPITAL AT CULVER CITY,GACH,GENERAL ACUTE CARE HOSPITAL,NON-LTC,268,3828 DELMAS TER,2713,"RAMIREZ, OMAR",MARIA.PADILLA@ALTAHOSPITALS.COM,(310) 202-4141,(310) 840-7089,200,LOS ANGELES,93,LA ACUTE/ANCILLARY,Y,930000064,CONSOLIDATED,01MAR2013,930000066,"SOUTHERN CALIFORNIA HEALTHCARE SYSTEM, INC.",ACTIVE,1963-02-08T00:00:00,2025-02-25T00:00:00,2026-02-24T00:00:00,PROFIT CORP,34.023222,-118.3969305,"(-118.3969305,34.023222)",106190110,19,LOS ANGELES,6037,,,,,,2026-06-15T00:00:00,6441390.19059005,1831070.57796481
174566,BELLFLOWER,90706,LICENSED AND CERTIFIED,USE PARENT MATCH,,930000017,OPEN,CA930000085,050663,,1983-10-19T00:00:00,2023-05-06T00:00:00,1922001809,Y,Y,1,1,2022-12-24T00:00:00,,JC,LOS ANGELES COMMUNITY HOSPITAL AT BELLFLOWER,GACH,GENERAL ACUTE CARE HOSPITAL,NON-LTC,0,9542 ARTESIA BLVD,6511,"HERNANDEZ, HECTOR",JLINHARES.BMC@PACIFICHEALTHCORP.COM,(562) 925-4413,(562) 925-8355,200,LOS ANGELES,93,LA ACUTE/ANCILLARY,Y,930000085,CONSOLIDATED,10AUG2015,930000039,NOR LA LLC,ACTIVE,1957-10-24T00:00:00,2026-03-31T00:00:00,2027-03-14T00:00:00,LIMITED LIABILITY COMPANY,33.87468014,-118.1296831,"(-118.1296831,33.874680139)",106190066,19,LOS ANGELES,6037,,,,,,2026-06-15T00:00:00,6522300.71807313,1776800.84398481
174567,POMONA,91767,LICENSED AND CERTIFIED,,,930000020,OPEN,CA93000020,050782,,2016-04-01T00:00:00,2023-12-11T00:00:00,1952777245,Y,Y,1,1,2023-09-29T00:00:00,,JC,CASA COLINA HOSPITAL,GACH,GENERAL ACUTE CARE HOSPITAL,NON-LTC,99,255 E BONITA AVE,1923,"LINDEN, KELLY",DSCHULTZ@CASACOLINA.ORG,(909) 596-0153,(909) 596-7733,200,LOS ANGELES,93,LA ACUTE/ANCILLARY,Y,,PARENT,,930000026,CASA COLINA HOSPITAL AND CENTERS FOR HEALTHCARE,ACTIVE,1961-02-28T00:00:00,2026-04-08T00:00:00,2026-10-31T00:00:00,NONPROFIT CORP,34.09630029,-117.7456368,"(-117.7456368,34.096300289)",106190137,19,LOS ANGELES,6037,,,,,,2026-06-15T00:00:00,6638675.72285546,1857525.14185348
174570,INGLEWOOD,90301,LICENSED AND CERTIFIED,,,930000022,OPEN,CA93000022,050739,,2004-11-19T00:00:00,2023-10-12T00:00:00,1336328244,Y,Y,1,1,2023-07-18T00:00:00,,JC,CENTINELA HOSPITAL MEDICAL CENTER,GACH,GENERAL ACUTE CARE HOSPITAL,NON-LTC,362,555 E HARDY ST,4011,"NASER, MOHAMMAD",KPRICEGHARZEDDINE@PRIMEHEALTHCARE.COM,(310) 677-0535,(310) 680-4514,200,LOS ANGELES,93,LA ACUTE/ANCILLARY,Y,,PARENT,,930000027,"PRIME HEALTHCARE CENTINELA, LLC",ACTIVE,1946-01-01T00:00:00,2026-02-01T00:00:00,2027-01-31T00:00:00,LIMITED LIABILITY COMPANY,33.949135,-118.3482371,"(-118.3482371,33.949134996)",106190148,19,LOS ANGELES,6037,,,,,,2026-06-15T00:00:00,6456051.62091281,1804054.23960914
174571,PASADENA,91105,LICENSED AND CERTIFIED,,,930000026,OPEN,CA930000026,050438,,1966-07-01T00:00:00,2023-09-08T00:00:00,1407828429,Y,Y,1,1,2023-06-17T00:00:00,,JC,HUNTINGTON HOSPITAL,GACH,GENERAL ACUTE CARE HOSPITAL,NON-LTC,493,100 W CALIFORNIA BLVD,3010,"CORMAN, JOHN",JINHEE.NGUYEN@HUNTINGTONHEALTH.ORG,,(626) 397-3019,200,LOS ANGELES,93,LA ACUTE/ANCILLARY,Y,,PARENT,,930000372,"PASADENA HOSPITAL ASSOCIATION, LTD",ACTIVE,1946-01-01T00:00:00,2026-03-18T00:00:00,2027-02-28T00:00:00,NONPROFIT CORP,34.133418,-118.152207,"(-118.152207,34.133418)",106190400,19,LOS ANGELES,6037,YES,,LEVEL II,,,2026-06-15T00:00:00,6515606.06249923,1870970.40334873
174572,PANORAMA CITY,91402,LICENSED AND CERTIFIED,,,930000027,OPEN,CA930000027,050704,,1992-11-30T00:00:00,2023-07-07T00:00:00,1750365375,Y,Y,1,1,2023-02-25T00:00:00,,JC,MISSION COMMUNITY HOSPITAL,GACH,GENERAL ACUTE CARE HOSPITAL,NON-LTC,85,14850 ROSCOE BLVD,4618,"THEIRING, JAMES",JTHEIRING@MCHONLINE.ORG,(818) 904-3529,(818) 787-2222,200,LOS ANGELES,93,LA ACUTE/ANCILLARY,Y,,PARENT,,930000101,"DEANCO HEALTHCARE, LLC",ACTIVE,1965-08-13T00:00:00,2025-07-12T00:00:00,2026-07-11T00:00:00,LIMITED LIABILITY COMPANY,34.220412,-118.456542,"(-118.456542,34.220412)",106190524,19,LOS ANGELES,6037,,,,,,2026-06-15T00:00:00,6423652.97475222,1902907.65541898
174573,WEST HILLS,91307,LICENSED AND CERTIFIED,,,930000028,OPEN,CA930014565,050481,,1969-12-03T00:00:00,2024-10-25T00:00:00,1801653969,Y,Y,1,1,2022-08-18T00:00:00,,JC,UCLA WEST VALLEY MEDICAL CENTER,GACH,GENERAL ACUTE CARE HOSPITAL,NON-LTC,260,7300 MEDICAL CENTER DR,1902,"SPISSO, JOHNESE",JBERGEN@MEDNET.UCLA.EDU,(310) 794-8477,(310) 948-1866,200,LOS ANGELES,93,LA ACUTE/ANCILLARY,Y,,PARENT,,930000189,REGENTS UNIVERSITY OF CALIFORNIA LOS ANGELES,ACTIVE,1962-11-07T00:00:00,2026-02-24T00:00:00,2027-02-23T00:00:00,PROFIT CORP,34.202925,-118.628667,"(-118.628667,34.202925)",106190859,19,LOS ANGELES,6037,YES,,,,,2026-06-15T00:00:00,6371579.97752047,1896824.82965815
174575,LOS ANGELES,90026,LICENSED AND CERTIFIED,,,930000035,OPEN,CA93000035,050763,,2008-11-25T00:00:00,2023-12-04T00:00:00,1780183335,Y,Y,1,1,2023-09-16T00:00:00,,JC,L.A. DOWNTOWN MEDICAL CENTER,GACH,GENERAL ACUTE CARE HOSPITAL,NON-LTC,122,1711 W TEMPLE ST,5421,"NELSON, WILLIAM A",NANCY.CRESPO@LADOWNTOWNMC.COM,(213) 484-3552,(213) 989-6117,200,LOS ANGELES,93,LA ACUTE/ANCILLARY,Y,,PARENT,,930000137,"L.A. DOWNTOWN MEDICAL CENTER, LLC",ACTIVE,1974-10-21T00:00:00,2025-11-18T00:00:00,2026-11-17T00:00:00,LIMITED LIABILITY COMPANY,34.068897,-118.263366,"(-118.263366,34.068897)",106190661,19,LOS ANGELES,6037,,,,,,2026-06-15T00:00:00,6481905.8684168,1847559.61749323
174576,DUARTE,91010,LICENSED AND CERTIFIED,,,930000036,OPEN,CA9300036,050146,,1966-07-01T00:00:00,2023-09-25T00:00:00,1114109337,Y,Y,1,1,2023-06-10T00:00:00,,JC,CITY OF HOPE HELFORD CLINICAL RESEARCH HOSPITAL,GACH,GENERAL ACUTE CARE HOSPITAL,NON-LTC,217,1500 DUARTE RD,3012,"CALIGIURI, MICHAEL",JTABOR@COH.ORG,(622) 498-2455,(626) 218-3239,200,LOS ANGELES,93,LA ACUTE/ANCILLARY,Y,,PARENT,,930000033,CITY OF HOPE NATIONAL MEDICAL CENTER,ACTIVE,1946-03-08T00:00:00,2026-03-16T00:00:00,2026-10-31T00:00:00,NONPROFIT CORP,34.13115,-117.97281,"(-117.97281,34.13115)",106190176,19,LOS ANGELES,6037,,,,,,2026-06-15T00:00:00,6569895.08121756,1870111.27547382
174577,NORWALK,90650,LICENSED AND CERTIFIED,,,930000038,OPEN,CA93000038,050771,,2011-08-15T00:00:00,2023-09-14T00:00:00,1194016923,Y,Y,1,1,2023-04-07T00:00:00,,JC,COAST PLAZA HOSPITAL,GACH,GENERAL ACUTE CARE HOSPITAL,NON-LTC,117,13100 STUDEBAKER RD,2531,"CARRASCO, VICTOR",VCARRASCO@PIPELINEHEALTH.US,(562) 868-3198,(562) 868-3751,200,LOS ANGELES,93,LA ACUTE/ANCILLARY,Y,,PARENT,,930000162,"CPH HOSPITAL MANAGEMENT, LLC",ACTIVE,1958-04-10T00:00:00,2025-11-26T00:00:00,2026-11-25T00:00:00,LIMITED LIABILITY COMPANY,33.912585,-118.098468,"(-118.098468,33.912585)",106190766,19,LOS ANGELES,6037,,,,,,2026-06-15T00:00:00,6531789.72632605,1790584.55887139
174578,GARDENA,90247,LICENSED AND CERTIFIED,,,930000039,OPEN,CA93000039,052050,,2006-10-01T00:00:00,2023-07-22T00:00:00,,Y,Y,1,1,2023-05-04T00:00:00,,JC,KINDRED HOSPITAL SOUTH BAY,GACH,GENERAL ACUTE CARE HOSPITAL,NON-LTC,54,1246 W 155TH ST,4011,"KERR, MICHAEL",MARK.APODACA@KINDRED.COM,(310) 768-2265,(714) 267-7762,200,LOS ANGELES,93,LA ACUTE/ANCILLARY,Y,,PARENT,,930000037,"KND DEVELOPMENT 53, L.L.C.",ACTIVE,1957-07-17T00:00:00,2025-11-01T00:00:00,2026-10-31T00:00:00,LIMITED LIABILITY COMPANY,33.890004,-118.2973995,"(-118.2973995,33.890004)",106190196,19,LOS ANGELES,6037,,,,,,2026-06-15T00:00:00,6471406.17878631,1782485.69810064
174580,HUNTINGTON PARK,90255,LICENSED AND CERTIFIED,,,930000040,OPEN,CA930000040,050091,,1966-07-01T00:00:00,2023-07-27T00:00:00,1891059127,Y,Y,1,14,2023-01-16T00:00:00,,ACHC,COMMUNITY HOSPITAL OF HUNTINGTON PARK,GACH,GENERAL ACUTE CARE HOSPITAL,NON-LTC,81,2623 E SLAUSON AVE,2926,"HERNANDEZ, HECTOR",YVASQUEZ@PIPELINEHEALTH.US,(323) 587-0892,(323) 583-1931,200,LOS ANGELES,93,LA ACUTE/ANCILLARY,Y,,PARENT,,930000038,"CHHP HOLDINGS II, LLC",ACTIVE,1957-12-31T00:00:00,2025-12-19T00:00:00,2026-12-18T00:00:00,LIMITED LIABILITY COMPANY,33.989526,-118.2242565,"(-118.2242565,33.989526)",106190197,19,LOS ANGELES,6037,,,,,,2026-06-15T00:00:00,6493685.77661547,1818646.26980823
174581,SAN GABRIEL,91776,LICENSED AND CERTIFIED,,,930000041,OPEN,CA930000041,050132,,1966-07-01T00:00:00,,1275720377,Y,Y,1,1,2023-08-30T00:00:00,,JC,SAN GABRIEL VALLEY MEDICAL CENTER,GACH,GENERAL ACUTE CARE HOSPITAL,NON-LTC,175,438 W LAS TUNAS DR,1216,"KHATKAR, TARINDER",TARINDER.KHATKAR@AHMCHEALTH.COM,(626) 570-6555,(916) 595-4204,200,LOS ANGELES,93,LA ACUTE/ANCILLARY,Y,,PARENT,,930000041,AHMC SAN GABRIEL VALLEY MEDICAL CENTER LP,ACTIVE,1960-08-17T00:00:00,2025-12-22T00:00:00,2026-12-21T00:00:00,PARTNERSHIP,34.100802,-118.1058795,"(-118.1058795,34.100802)",106190200,19,LOS ANGELES,6037,,,,,,2026-06-15T00:00:00,6529613.09682105,1859082.84280631
174582,WEST COVINA,91791,LICENSED ONLY,,,930000042,OPEN,CA930000042,,,,,,Y,Y,0,,,,,KINDRED HOSPITAL - SAN GABRIEL VALLEY,GACH,GENERAL ACUTE CARE HOSPITAL,NON-LTC,76,845 N LARK ELLEN AVE,1069,"BEYERSDORF, SUSAN",NORMAN.ANDREWS@KINDREDHEALTHCARE.COM,(626) 967-3809,(626) 339-5451,200,LOS ANGELES,6,ORANGE,Y,060001360,CONSOLIDATED,01SEP2025,60000407,"THC - ORANGE COUNTY, LLC",ACTIVE,1994-03-03T00:00:00,2026-03-03T00:00:00,2027-03-02T00:00:00,LIMITED LIABILITY COMPANY,34.087068,-117.917244,"(-117.917244,34.087068)",106190458,19,LOS ANGELES,6037,,,,,,2026-06-15T00:00:00,6586724.03017114,1854078.21436414
174583,MARINA DEL REY,90292,LICENSED AND CERTIFIED,,,930000044,OPEN,CA930000044,050740,,2004-11-19T00:00:00,2022-03-24T00:00:00,1942269725,Y,Y,1,1,2021-09-11T00:00:00,,JC,CEDARS-SINAI MARINA HOSPITAL,GACH,GENERAL ACUTE CARE HOSPITAL,NON-LTC,103,4650 LINCOLN BLVD,6306,"LAGUNA-KENNEDY, JOANNE",JOANNE.LAGUNA@CSHS.ORG,,(310) 448-5261,200,LOS ANGELES,93,LA ACUTE/ANCILLARY,Y,,PARENT,,930000096,CEDARS-SINAI MARINA HOSPITAL,ACTIVE,1970-04-17T00:00:00,2025-11-19T00:00:00,2026-11-18T00:00:00,NONPROFIT CORP,33.981741,-118.4400315,"(-118.4400315,33.981741)",106190500,19,LOS ANGELES,6037,,,,,,2026-06-15T00:00:00,6428263.87268263,1816029.31014715
174584,LAKEWOOD,90712,LICENSED AND CERTIFIED,,,930000047,OPEN,CA930000047,050581,,1972-05-17T00:00:00,2025-03-31T00:00:00,1184655581,Y,Y,1,1,2023-08-05T00:00:00,,JC,UCI HEALTH-LAKEWOOD,GACH,GENERAL ACUTE CARE HOSPITAL,NON-LTC,172,3700 SOUTH ST,1419,,REZAH1@HS.UCI.EDU,(562) 602-0083,(562) 602-6797,200,LOS ANGELES,6,ORANGE,Y,060000071,CONSOLIDATED,07MAR2026,60000148,UNIVERSITY OF CALIFORNIA IRVINE,ACTIVE,,2026-03-07T00:00:00,2026-10-31T00:00:00,UC REGENT,33.859701,-118.148427,"(-118.148427,33.859701)",106190240,19,LOS ANGELES,6037,,,,,,2026-06-15T00:00:00,6516602.86824839,1771357.44345431
174585,SANTA MONICA,90404,LICENSED AND CERTIFIED,,,930000049,OPEN,93000014286,050112,,1966-07-01T00:00:00,2021-08-17T00:00:00,1427055839,Y,Y,1,1,2021-05-15T00:00:00,,JC,SANTA MONICA - UCLA MEDICAL CENTER AND ORTHOPAEDIC HOSPITAL,GACH,GENERAL ACUTE CARE HOSPITAL,NON-LTC,281,1250 16TH ST,1249,"SPISSO, JOHNESE",JBERGEN@MEDNET.UCLA.EDU,(310) 794-3907,(310) 267-2041,200,LOS ANGELES,93,LA ACUTE/ANCILLARY,Y,,PARENT,,930000146,REGENTS UNIVERSITY OF CALIFORNIA HEALTH SCIENCES & SERVICES,ACTIVE,1946-01-01T00:00:00,2025-11-09T00:00:00,2026-11-08T00:00:00,UC REGENT,34.02752368,-118.4861649,"(-118.4861649,34.027523676)",106190687,19,LOS ANGELES,6037,YES,,,,,2026-06-15T00:00:00,6414358.46118905,1832754.80523939
174586,PANORAMA CITY,91402,LICENSED AND CERTIFIED,,,930000050,OPEN,CA000000050,050137,,1966-07-01T00:00:00,2018-09-20T00:00:00,1558418863,Y,Y,1,1,2018-05-11T00:00:00,,JC,KAISER FOUNDATION HOSPITAL - PANORAMA CITY,GACH,GENERAL ACUTE CARE HOSPITAL,NON-LTC,218,13652 CANTARA ST,5423,"APPLIN-JONES, CAMILLE",ALLEN.L.ZAGHIKIAN@KP.ORG,(818) 375-2610,(818) 375-3781,200,LOS ANGELES,93,LA ACUTE/ANCILLARY,Y,,PARENT,,930000080,KAISER FOUNDATION HOSPITALS,ACTIVE,1963-06-21T00:00:00,2026-06-01T00:00:00,2027-05-31T00:00:00,NONPROFIT CORP,34.219737,-118.430838,"(-118.430838,34.219737)",106190432,19,LOS ANGELES,6037,YES,,,,,2026-06-15T00:00:00,6431422.2508803,1902627.71372165
174587,DOWNEY,90241,LICENSED AND CERTIFIED,,,930000052,OPEN,CA000014385,050393,,1966-07-01T00:00:00,2023-06-30T00:00:00,1265433551,Y,Y,1,17,2023-04-21T00:00:00,,CIHQ,PIH HEALTH DOWNEY HOSPITAL,GACH,GENERAL ACUTE CARE HOSPITAL,NON-LTC,199,11500 BROOKSHIRE AVE,4917,"WEST, JAMES",JUDY.PUGACH@PIHHEALTH.ORG,(562) 789-4300,(562) 698-0811,200,LOS ANGELES,93,LA ACUTE/ANCILLARY,Y,,PARENT,,930000048,PIH HEALTH DOWNEY HOSPITAL,ACTIVE,1969-09-18T00:00:00,2025-10-01T00:00:00,2026-09-30T00:00:00,NONPROFIT CORP,33.934302,-118.1309805,"(-118.1309805,33.934302)",106190243,19,LOS ANGELES,6037,YES,,,,,2026-06-15T00:00:00,6521935.15974914,1798499.11981389
174588,LOS ANGELES,90023,LICENSED AND CERTIFIED,,,930000053,OPEN,CA930000053,050641,,1978-09-21T00:00:00,2022-03-23T00:00:00,1417957473,Y,Y,1,1,2021-08-27T00:00:00,,JC,EAST LOS ANGELES DOCTORS HOSPITAL,GACH,GENERAL ACUTE CARE HOSPITAL,NON-LTC,102,4060 E WHITTIER BLVD,2526,"HERNANDEZ, HECTOR",HHERNANDEZ3@PIPELINEHEALTH.US,(323) 260-4274,(323) 260-4126,200,LOS ANGELES,93,LA ACUTE/ANCILLARY,Y,,PARENT,,930000049,"ELADH, L.P.",ACTIVE,1949-08-15T00:00:00,2025-11-01T00:00:00,2026-10-31T00:00:00,PARTNERSHIP,34.023717,-118.18404,"(-118.18404,34.023717)",106190256,19,LOS ANGELES,6037,YES,,,,,2026-06-15T00:00:00,6505899.73283055,1831064.29123197
174590,ENCINO,91436,LICENSED AND CERTIFIED,,,930000054,OPEN,CA930000054,050158,,1976-08-01T00:00:00,2024-03-12T00:00:00,1437322377,Y,Y,1,1,2023-10-06T00:00:00,,JC,ENCINO HOSPITAL MEDICAL CENTER,GACH,GENERAL ACUTE CARE HOSPITAL,NON-LTC,107,16237 VENTURA BLVD,2201,,EMGARCIA@PRIMEHEALTHCARE.COM,(818) 907-8630,(818) 995-5000,200,LOS ANGELES,93,LA ACUTE/ANCILLARY,Y,,PARENT,,930000051,"PRIME HEALTHCARE SERVICES-ENCINO, LLC",ACTIVE,1954-11-08T00:00:00,2026-06-01T00:00:00,2027-05-31T00:00:00,LIMITED LIABILITY COMPANY,34.157448,-118.4870655,"(-118.4870655,34.157448)",106190280,19,LOS ANGELES,6037,,,,,,2026-06-15T00:00:00,6414314.68995114,1880037.49348223
174591,GLENDORA,91741,LICENSED AND CERTIFIED,,,930000056,OPEN,CA930000056,050597,,1973-03-28T00:00:00,,1992733513,Y,Y,1,1,2017-09-22T00:00:00,,JC,EMANATE HEALTH FOOTHILL PRESBYTERIAN HOSPITAL,GACH,GENERAL ACUTE CARE HOSPITAL,NON-LTC,105,250 S GRAND AVE,4218,"SHARMA, RAJESH",RSHARMA@EMANATEHEALTH.ORG,(626) 859-5865,(626) 858-8536,200,LOS ANGELES,93,LA ACUTE/ANCILLARY,Y,,PARENT,,930000052,EMANATE HEALTH FOOTHILL PRESBYTERIAN HOSPITAL,ACTIVE,1973-03-26T00:00:00,2025-11-01T00:00:00,2026-10-31T00:00:00,NONPROFIT CORP,34.132887,-117.8712405,"(-117.8712405,34.132887)",106190298,19,LOS ANGELES,6037,,,,,,2026-06-15T00:00:00,6600631.8829328,1870767.24561857
174592,MONTEREY PARK,91754,LICENSED AND CERTIFIED,,,930000058,OPEN,CA930000058,050737,,2004-11-01T00:00:00,2023-03-08T00:00:00,1730171265,Y,Y,1,1,2022-11-12T00:00:00,,JC,GARFIELD MEDICAL CENTER,GACH,GENERAL ACUTE CARE HOSPITAL,NON-LTC,210,525 N GARFIELD AVE,1202,"VILLAFUERTE, HERBERT",HERBERT.VILLAFUERTE@AHMCHEALTH.COM,(626) 312-2500,(626) 573-2222,200,LOS ANGELES,93,LA ACUTE/ANCILLARY,Y,,PARENT,,930000057,AHMC GARFIELD MEDICAL CENTER LP,ACTIVE,1946-01-01T00:00:00,2025-12-01T00:00:00,2026-11-30T00:00:00,PARTNERSHIP,34.067934,-118.1238795,"(-118.1238795,34.067934)",106190315,19,LOS ANGELES,6037,YES,,,,,2026-06-15T00:00:00,6524149.10414013,1847127.79060097
174593,GLENDALE,91206,LICENSED AND CERTIFIED,,,930000059,OPEN,CA930000059,050239,,1966-07-01T00:00:00,2019-06-24T00:00:00,1831188275,Y,Y,1,1,2019-02-09T00:00:00,,JC,ADVENTIST HEALTH GLENDALE,GACH,GENERAL ACUTE CARE HOSPITAL,NON-LTC,415,1509 WILSON TER,4007,"ISSAI, ALICE H",OGANESA@AH.ORG,(818) 630-8645,(818) 409-8087,200,LOS ANGELES,93,LA ACUTE/ANCILLARY,Y,,PARENT,,930000059,GLENDALE ADVENTIST MEDICAL CENTER,ACTIVE,1946-01-01T00:00:00,2026-06-01T00:00:00,2027-05-31T00:00:00,NONPROFIT CORP,34.150779,-118.230615,"(-118.230615,34.150779)",106190323,19,LOS ANGELES,6037,YES,,,,,2026-06-15T00:00:00,6491892.90651356,1877333.55728906
174595,SOUTH EL MONTE,91733,LICENSED AND CERTIFIED,,,930000062,OPEN,CA93000062,050738,,2004-11-01T00:00:00,2023-10-12T00:00:00,1346232881,Y,Y,1,1,2023-04-19T00:00:00,,JC,GREATER EL MONTE COMMUNITY HOSPITAL,GACH,GENERAL ACUTE CARE HOSPITAL,NON-LTC,104,1701 SANTA ANITA AVE,3411,"TOY, JR. M.D., STANLEY",INEZ.ENGUIDANOS@AHMCHEALTH.COM,(626) 246-1664,(626) 579-7777,200,LOS ANGELES,93,LA ACUTE/ANCILLARY,Y,,PARENT,,930000063,AHMC GREATER EL MONTE COMMUNITY HOSPITAL L.P.,ACTIVE,1974-07-01T00:00:00,2025-12-01T00:00:00,2026-11-30T00:00:00,PARTNERSHIP,34.047765,-118.0434375,"(-118.0434375,34.047765)",106190352,19,LOS ANGELES,6037,,,,,,2026-06-15T00:00:00,6548508.21487063,1839767.62454706
174596,VALENCIA,91355,LICENSED AND CERTIFIED,,,930000063,OPEN,CA930000063,050624,,1975-08-03T00:00:00,2023-07-22T00:00:00,1780668434,Y,Y,1,1,2023-06-13T00:00:00,,JC,HENRY MAYO NEWHALL HOSPITAL,GACH,GENERAL ACUTE CARE HOSPITAL,NON-LTC,334,23845 MCBEAN PKWY,2001,"KLOCKENGA, KEVIN",MILIANTAC@HENRYMAYO.COM,(661) 200-1439,(661) 713-1548,200,LOS ANGELES,93,LA ACUTE/ANCILLARY,Y,,PARENT,,930000206,HENRY MAYO NEWHALL MEMORIAL HOSPITAL,ACTIVE,1975-07-30T00:00:00,2025-12-19T00:00:00,2026-11-29T00:00:00,NONPROFIT CORP,34.39773,-118.553589,"(-118.553589,34.39773)",106190949,19,LOS ANGELES,6037,YES,,LEVEL II,,,2026-06-15T00:00:00,6394671.1039103,1967583.4387968
174597,LOS ANGELES,90028,LICENSED AND CERTIFIED,,,930000064,OPEN,CA930000064,050135,,1976-01-19T00:00:00,2023-09-14T00:00:00,1245224732,Y,Y,1,1,2023-02-18T00:00:00,,JC,SOUTHERN CALIFORNIA HOSPITAL AT HOLLYWOOD,GACH,GENERAL ACUTE CARE HOSPITAL,NON-LTC,100,6245 DE LONGPRE AVE,8253,"RAMIREZ, OMAR",SYLVIA.MARTINEZ@HSAHOSPITALS.COM,(323) 261-0809,(310) 836-7000,200,LOS ANGELES,93,LA ACUTE/ANCILLARY,Y,,PARENT,,930000066,"SOUTHERN CALIFORNIA HEALTHCARE SYSTEM, INC.",ACTIVE,1963-02-08T00:00:00,2025-02-25T00:00:00,2026-02-24T00:00:00,PROFIT CORP,34.096311,-118.325079,"(-118.325079,34.096311)",106190380,19,LOS ANGELES,6037,,,,,,2026-06-15T00:00:00,6463248.31485271,1857590.74802148
174598,LOS ANGELES,90027,LICENSED AND CERTIFIED,,,930000065,OPEN,CA930000065,050063,,1966-07-01T00:00:00,2023-04-18T00:00:00,1922033547,Y,Y,1,1,2022-12-09T00:00:00,,JC,HOLLYWOOD PRESBYTERIAN MEDICAL CENTER,GACH,GENERAL ACUTE CARE HOSPITAL,NON-LTC,350,1300 N VERMONT AVE,6005,"LONG, COLLIER D",JAMIE.YOO@HPMEDCENTER.COM,(323) 667-0654,(323) 913-4914,200,LOS ANGELES,93,LA ACUTE/ANCILLARY,Y,,PARENT,,930000067,"CHA HOLLYWOOD MEDICAL CENTER, L.P.",ACTIVE,1946-01-01T00:00:00,2026-05-08T00:00:00,2026-12-31T00:00:00,PARTNERSHIP,34.096221,-118.290582,"(-118.290582,34.096221)",106190382,19,LOS ANGELES,6037,YES,,,,,2026-06-15T00:00:00,6473692.22900422,1857526.01094623
174600,MISSION HILLS,91345,LICENSED AND CERTIFIED,,,930000066,OPEN,CA930000066,050278,,1966-07-01T00:00:00,2024-11-09T00:00:00,1477587632,Y,Y,1,1,2021-10-02T00:00:00,,JC,PROVIDENCE HOLY CROSS MEDICAL CENTER,GACH,GENERAL ACUTE CARE HOSPITAL,NON-LTC,330,15031 RINALDI ST,1207,"KLEIN, BERNARD",SHERIL.GARZON@PROVIDENCE.ORG,(818) 496-4477,(818) 496-4452,200,LOS ANGELES,93,LA ACUTE/ANCILLARY,Y,,PARENT,,930000404,PROVIDENCE HEALTH SYSTEM - SOUTHERN CALIFORNIA,ACTIVE,,2026-05-01T00:00:00,2027-04-30T00:00:00,NONPROFIT CORP,34.279182,-118.460286,"(-118.460286,34.279182)",106190385,19,LOS ANGELES,6037,YES,,LEVEL II,,,2026-06-15T00:00:00,6422619.09985147,1924300.06571805
174601,LOS ANGELES,90017,LICENSED AND CERTIFIED,,,930000068,OPEN,CA930000068,050471,,1966-07-01T00:00:00,2019-07-17T00:00:00,1508859323,Y,Y,1,1,2019-03-23T00:00:00,,JC,PIH HEALTH GOOD SAMARITAN HOSPITAL,GACH,GENERAL ACUTE CARE HOSPITAL,NON-LTC,380,1225 WILSHIRE BLVD,1901,"WEST, JAMES",JUDY.PUGACH@PIHHEALTH.ORG,(562) 789-4300,(562) 698-0811,200,LOS ANGELES,93,LA ACUTE/ANCILLARY,Y,,PARENT,,930000071,PIH HEALTH GOOD SAMARITAN HOSPITAL,ACTIVE,1946-01-01T00:00:00,2025-11-01T00:00:00,2026-10-31T00:00:00,NONPROFIT CORP,34.05328501,-118.265336,"(-118.265336,34.053285005)",106190392,19,LOS ANGELES,6037,YES,,,,,2026-06-15T00:00:00,6481294.25481063,1841879.70103157
174602,COVINA,91723,LICENSED AND CERTIFIED,,,930000070,OPEN,CA930000070,050382,,1966-07-01T00:00:00,2023-07-06T00:00:00,1982629440,Y,Y,1,1,2023-04-15T00:00:00,,JC,EMANATE HEALTH INTER-COMMUNITY HOSPITAL,GACH,GENERAL ACUTE CARE HOSPITAL,NON-LTC,138,210 W SAN BERNARDINO RD,1515,"SHARMA, RAJESH",RSHARMA@EMANATEHEALTH.ORG,(626) 859-5865,(626) 331-7331,200,LOS ANGELES,93,LA ACUTE/ANCILLARY,Y,,PARENT,,930000131,EMANATE HEALTH MEDICAL CENTER,ACTIVE,1962-12-16T00:00:00,2025-11-01T00:00:00,2026-10-31T00:00:00,NONPROFIT CORP,34.08804,-117.893412,"(-117.893412,34.08804)",106190413,19,LOS ANGELES,6037,,,,,,2026-06-15T00:00:00,6593939.64992622,1854438.73988982
174603,HARBOR CITY,90710,LICENSED AND CERTIFIED,,,930000071,OPEN,CA93000071,050411,,1966-07-01T00:00:00,2018-08-16T00:00:00,1336294040,Y,Y,1,1,2018-04-28T00:00:00,,JC,KAISER FOUNDATION HOSPITAL - SOUTH BAY,GACH,GENERAL ACUTE CARE HOSPITAL,NON-LTC,257,25825 S. VERMONT AVE,3518,"HARRIER, MARGIE",MERAY.F.EL-AHDAB@KP.ORG,(310) 517-2234,(310) 517-2657,200,LOS ANGELES,93,LA ACUTE/ANCILLARY,Y,,PARENT,,930000079,KAISER FOUNDATION HOSPITALS,ACTIVE,1960-03-07T00:00:00,2025-11-01T00:00:00,2026-10-31T00:00:00,NONPROFIT CORP,33.788979,-118.295478,"(-118.295478,33.788979)",106190431,19,LOS ANGELES,6037,YES,,,,,2026-06-15T00:00:00,6471881.27527705,1745718.53836739
174605,LOS ANGELES,90027,LICENSED AND CERTIFIED,,,930000072,OPEN,CA930000072,050138,,1966-07-01T00:00:00,2022-05-11T00:00:00,1821143777,Y,Y,1,1,2021-11-13T00:00:00,,JC,KAISER FOUNDATION HOSPITAL - LOS ANGELES,GACH,GENERAL ACUTE CARE HOSPITAL,NON-LTC,492,4867 W SUNSET BLVD,5969,"ABABNEH, FAISAL",SHEETAL.X.PENDHARKAR@KP.ORG,(323) 783-1922,(323) 783-7240,200,LOS ANGELES,93,LA ACUTE/ANCILLARY,Y,,PARENT,,930000077,KAISER FOUNDATION HOSPITALS,ACTIVE,1953-05-01T00:00:00,2026-05-28T00:00:00,2026-10-31T00:00:00,NONPROFIT CORP,34.098318,-118.2956445,"(-118.2956445,34.098318)",106190429,19,LOS ANGELES,6037,YES,,,,,2026-06-15T00:00:00,6472161.79308872,1858293.61472598
174606,DOWNEY,90242,LICENSED AND CERTIFIED,,,930000074,OPEN,CA930000074,050139,,1966-07-01T00:00:00,2022-03-23T00:00:00,1518012301,Y,Y,1,1,2021-12-17T00:00:00,,JC,KAISER FOUNDATION HOSPITAL-DOWNEY,GACH,GENERAL ACUTE CARE HOSPITAL,NON-LTC,424,9333 IMPERIAL HWY,2812,"WINNIK, MITCHELL",STEPHEN.C.CUTHBERTSON@KP.ORG,(562) 657-4007,(562) 657-1155,200,LOS ANGELES,93,LA ACUTE/ANCILLARY,Y,,PARENT,,930000078,KAISER FOUNDATION HOSPITALS,ACTIVE,1965-07-16T00:00:00,2026-03-06T00:00:00,2027-02-28T00:00:00,NONPROFIT CORP,33.917526,-118.1288025,"(-118.1288025,33.917526)",106196403,19,LOS ANGELES,6037,YES,,,,,2026-06-15T00:00:00,6522588.00883713,1792393.10577923
174607,LOS ANGELES,90034,LICENSED AND CERTIFIED,,,930000076,OPEN,CA930000076,050561,,1970-09-17T00:00:00,,1134274897,Y,Y,1,1,2024-07-13T00:00:00,,JC,KAISER FOUNDATION HOSPITAL-WEST LA,GACH,GENERAL ACUTE CARE HOSPITAL,NON-LTC,265,6041 CADILLAC AVE,1702,"ZIBARI, LILIT",TEQUA.S.MORRISON@KP.ORG,(323) 648-1378,(323) 857-3646,200,LOS ANGELES,93,LA ACUTE/ANCILLARY,Y,,PARENT,,930000081,KAISER FOUNDATION HOSPITALS,ACTIVE,1974-09-16T00:00:00,2025-11-16T00:00:00,2026-11-15T00:00:00,NONPROFIT CORP,34.038405,-118.3750965,"(-118.3750965,34.038405)",106190434,19,LOS ANGELES,6037,YES,,,,,2026-06-15T00:00:00,6448026.83939022,1836570.5275948
174608,PALMDALE,93551,LICENSED AND CERTIFIED,,,930000077,OPEN,CA930000077,050204,,1966-07-01T00:00:00,,1508856535,Y,Y,1,1,2023-03-11T00:00:00,,JC,PALMDALE REGIONAL MEDICAL CENTER,GACH,GENERAL ACUTE CARE HOSPITAL,NON-LTC,184,38600 MEDICAL CENTER DR,4483,"DEEB, NANA",DEBORAH.COCKERHAM@UHSINC.COM,(661) 382-5540,(661) 382-5000,200,LOS ANGELES,93,LA ACUTE/ANCILLARY,Y,,PARENT,,930000085,LANCASTER HOSPITAL CORPORATION,ACTIVE,1964-03-16T00:00:00,2026-02-01T00:00:00,2027-01-31T00:00:00,PROFIT CORP,34.58392859,-118.1445469,"(-118.1445469,34.583928589)",106196405,19,LOS ANGELES,6037,,,,,,2026-06-15T00:00:00,6518159.91237839,2034916.73687273
174609,MONTEREY PARK,91754,LICENSED AND CERTIFIED,,,930000108,OPEN,CA93000108,050736,,2004-11-01T00:00:00,2023-10-13T00:00:00,1780676221,Y,Y,1,1,2021-04-16T00:00:00,,JC,MONTEREY PARK HOSPITAL,GACH,GENERAL ACUTE CARE HOSPITAL,NON-LTC,101,900 S ATLANTIC BLVD,4716,"COHEN, PHILIP",MARK.LUEKEN@AHMCHEALTH.COM,(626) 281-4719,(626) 570-5721,200,LOS ANGELES,93,LA ACUTE/ANCILLARY,Y,,PARENT,,930000108,AHMC MONTEREY PARK HOSPITAL L.P.,ACTIVE,1972-12-04T00:00:00,2025-12-01T00:00:00,2026-11-30T00:00:00,PARTNERSHIP,34.049565,-118.138518,"(-118.138518,34.049565)",106190547,19,LOS ANGELES,6037,YES,,,,,2026-06-15T00:00:00,6519706.54740848,1840448.74851289
174610,TORRANCE,90503,LICENSED AND CERTIFIED,,,930000081,OPEN,CA930000081,050353,,1966-07-01T00:00:00,2023-12-04T00:00:00,1902844988,Y,Y,1,1,2023-10-03T00:00:00,,JC,PROVIDENCE LITTLE COMPANY OF MARY MEDICAL CENTER TORRANCE,GACH,GENERAL ACUTE CARE HOSPITAL,NON-LTC,327,4101 TORRANCE BLVD,4607,"RICKS, MICHAEL",PLCMT.REGULATORY@PROVIDENCE.ORG,(310) 303-6123,(310) 303-6100,200,LOS ANGELES,93,LA ACUTE/ANCILLARY,Y,,PARENT,,930000089,PROVIDENCE HEALTH SYSTEM - SOUTHERN CALIFORNIA,ACTIVE,1959-12-21T00:00:00,2025-11-01T00:00:00,2026-10-31T00:00:00,NONPROFIT CORP,33.83856,-118.3571595,"(-118.3571595,33.83856)",106190470,19,LOS ANGELES,6037,YES,,,,,2026-06-15T00:00:00,6453202.61840872,1763823.1261739
174612,LOS ANGELES,90023,LICENSED AND CERTIFIED,,,930000085,OPEN,CA930000085,050663,,1983-10-19T00:00:00,2023-05-06T00:00:00,1922001809,Y,Y,1,1,2022-12-24T00:00:00,,JC,LOS ANGELES COMMUNITY HOSPITAL,GACH,GENERAL ACUTE CARE HOSPITAL,NON-LTC,91,4081 E OLYMPIC BLVD,3330,"LEVY, KEITH",KEITH.LEVY@HSAHOSPITALS.COM,(323) 261-0809,(323) 267-0477,200,LOS ANGELES,93,LA ACUTE/ANCILLARY,Y,,PARENT,,930000039,NOR LA LLC,ACTIVE,1957-10-24T00:00:00,2026-03-31T00:00:00,2027-03-14T00:00:00,LIMITED LIABILITY COMPANY,34.0191,-118.1863665,"(-118.1863665,34.0191)",106190198,19,LOS ANGELES,6037,,,,,,2026-06-15T00:00:00,6505191.65320997,1829385.37398614
174613,LOS ANGELES,90056,LICENSED AND CERTIFIED,,,930000088,OPEN,CA930000088,052032,,1992-01-29T00:00:00,,1447335146,Y,Y,1,1,2023-01-14T00:00:00,,JC,KINDRED HOSPITAL - LOS ANGELES,GACH,GENERAL ACUTE CARE HOSPITAL,NON-LTC,81,5525 W SLAUSON AVE,1047,"PEREZ, JASON",JASON.PEREZ@KINDRED.COM,(310) 337-2942,(310) 981-0601,200,LOS ANGELES,93,LA ACUTE/ANCILLARY,Y,,PARENT,,930000053,"THC - ORANGE COUNTY, LLC",ACTIVE,1958-04-28T00:00:00,2025-11-01T00:00:00,2026-10-31T00:00:00,LIMITED LIABILITY COMPANY,33.989157,-118.3783815,"(-118.3783815,33.989157)",106190305,19,LOS ANGELES,6037,,,,,,2026-06-15T00:00:00,6446964.14925839,1818652.04013789
174615,LA MIRADA,90638,LICENSED AND CERTIFIED,,,930000089,OPEN,CA930000089,052038,,1995-11-01T00:00:00,2018-02-09T00:00:00,1033294723,Y,Y,1,1,2017-06-17T00:00:00,,JC,VISTA SPECIALTY HOSPITAL OF LA MIRADA,GACH,GENERAL ACUTE CARE HOSPITAL,NON-LTC,118,14900 IMPERIAL HWY,2172,"LAFONTSEE, CHRISTOPHER",PHILLIP.WOLFE@KINDRED.COM,(562) 944-0325,(562) 944-1900,200,LOS ANGELES,93,LA ACUTE/ANCILLARY,Y,,PARENT,,930000084,"VISTA SPECIALTY HOSPITAL OF CALIFORNIA, LLC",ACTIVE,1961-07-27T00:00:00,2025-11-01T00:00:00,2026-10-31T00:00:00,LIMITED LIABILITY COMPANY,33.916284,-118.0133955,"(-118.0133955,33.916284)",106190449,19,LOS ANGELES,6037,,,,,,2026-06-15T00:00:00,6557602.41288956,1791916.34656215
174616,TARZANA,91356,LICENSED AND CERTIFIED,,,930000091,OPEN,CA93000091,050761,,2008-09-26T00:00:00,2023-09-14T00:00:00,1821250762,Y,Y,1,1,2023-04-05T00:00:00,,JC,PROVIDENCE CEDARS-SINAI TARZANA MEDICAL CENTER,GACH,GENERAL ACUTE CARE HOSPITAL,NON-LTC,204,18321 CLARK ST,3501,"LYMBEROPOULOS, NICK",DEBRA.TORTORA@PROVIDENCE.ORG,(818) 708-5563,(818) 708-5652,200,LOS ANGELES,93,LA ACUTE/ANCILLARY,Y,,PARENT,,930000097,"TARZANA MEDICAL CENTER, LLC",ACTIVE,,2025-11-19T00:00:00,2026-11-18T00:00:00,LIMITED LIABILITY COMPANY,34.170507,-118.5320295,"(-118.5320295,34.170507)",106190517,19,LOS ANGELES,6037,YES,,,,,2026-06-15T00:00:00,6400737.00221156,1884858.79191048
174617,GARDENA,90247,LICENSED AND CERTIFIED,,,930000092,OPEN,CA930000092,050468,,1966-07-01T00:00:00,2022-04-22T00:00:00,1063412005,Y,Y,1,1,2021-12-11T00:00:00,,JC,MEMORIAL HOSPITAL OF GARDENA,GACH,GENERAL ACUTE CARE HOSPITAL,NON-LTC,103,1145 W REDONDO BEACH BLVD,3528,"METCALFE, KEVAN",VCARRASCO@PIPELINEHEALTH.US,(310) 538-6680,(310) 538-6500,200,LOS ANGELES,93,LA ACUTE/ANCILLARY,Y,,PARENT,,930000098,"GARDENA HOSPITAL, L.P.",ACTIVE,1949-05-13T00:00:00,2025-11-01T00:00:00,2026-10-31T00:00:00,PARTNERSHIP,33.893073,-118.2950595,"(-118.2950595,33.893073)",106190521,19,LOS ANGELES,6037,,,,,,2026-06-15T00:00:00,6472119.64323863,1783600.48228839
174618,GLENDALE,91204,LICENSED AND CERTIFIED,,,930000093,OPEN,CA000000093,050058,,1966-07-01T00:00:00,2023-06-25T00:00:00,1477610640,Y,Y,1,1,2023-04-08T00:00:00,,JC,GLENDALE MEMORIAL HOSPITAL AND HEALTH CENTER,GACH,GENERAL ACUTE CARE HOSPITAL,NON-LTC,255,1420 S CENTRAL AVE,2508,"HART, BETSY",LESLY.WININGER@COMMONSPIRIT.ORG,,(504) 638-3109,200,LOS ANGELES,93,LA ACUTE/ANCILLARY,Y,,PARENT,,930000099,DIGNITY COMMUNITY CARE,ACTIVE,1946-01-01T00:00:00,2026-04-21T00:00:00,2026-12-31T00:00:00,NONPROFIT CORP,34.12840144,-118.2577489,"(-118.2577489,34.128401442)",106190522,19,LOS ANGELES,6037,YES,,,,,2026-06-15T00:00:00,6483662.53977223,1869209.92163348
174621,LONG BEACH,90806,LICENSED AND CERTIFIED,,,930000095,OPEN,CA930000095,050485,,1966-07-01T00:00:00,2019-08-14T00:00:00,1962442012,Y,Y,1,1,2018-11-10T00:00:00,,JC,MEMORIALCARE LONG BEACH MEDICAL CENTER,GACH,GENERAL ACUTE CARE HOSPITAL,NON-LTC,411,2801 ATLANTIC AVE,1701,,CHIRSCHLER@MEMORIALCARE.ORG,(562) 933-9973,(562) 933-1902,200,LOS ANGELES,93,LA ACUTE/ANCILLARY,Y,,PARENT,,930000102,LONG BEACH MEMORIAL MEDICAL CENTER,ACTIVE,1965-07-10T00:00:00,2026-03-01T00:00:00,2027-02-28T00:00:00,NONPROFIT CORP,33.808293,-118.186632,"(-118.186632,33.808293)",106190525,19,LOS ANGELES,6037,,LEVEL II PED,LEVEL II,,,2026-06-15T00:00:00,6504968.75503372,1752668.10353647
174622,ARCADIA,91007,LICENSED AND CERTIFIED,,,930000096,OPEN,CA930000096,050238,,1966-07-01T00:00:00,2023-08-31T00:00:00,1508851288,Y,Y,1,1,2023-08-23T00:00:00,,JC,USC ARCADIA HOSPITAL,GACH,GENERAL ACUTE CARE HOSPITAL,NON-LTC,348,300 W HUNTINGTON DR,3402,"MMEJE, IKENNA",ROBERT.SHAPPLEY@MED.USC.EDU,(626) 574-3767,(626) 574-3600,200,LOS ANGELES,93,LA ACUTE/ANCILLARY,Y,,PARENT,,930000103,USC ARCADIA HOSPITAL,ACTIVE,1957-05-23T00:00:00,2026-05-01T00:00:00,2027-04-30T00:00:00,NONPROFIT CORP,34.134021,-118.0421505,"(-118.0421505,34.134021)",106190529,19,LOS ANGELES,6037,YES,,,,,2026-06-15T00:00:00,6548911.24687298,1871157.64706872
174623,WHITTIER,90602,LICENSED AND CERTIFIED,,,930000099,OPEN,CA930000099,050169,,1966-07-01T00:00:00,2019-01-10T00:00:00,1043215379,Y,Y,1,17,2018-12-11T00:00:00,,CIHQ,PIH HEALTH WHITTIER HOSPITAL,GACH,GENERAL ACUTE CARE HOSPITAL,NON-LTC,488,12401 WASHINGTON BLVD,1006,"WEST, JAMES",JUDY.PUGACH@PIHHEALTH.ORG,(562) 789-4300,(562) 698-0811,200,LOS ANGELES,93,LA ACUTE/ANCILLARY,Y,,PARENT,,930000129,PIH HEALTH WHITTIER HOSPITAL,ACTIVE,1955-01-15T00:00:00,2026-01-01T00:00:00,2026-12-31T00:00:00,NONPROFIT CORP,33.969339,-118.0490535,"(-118.0490535,33.969339)",106190631,19,LOS ANGELES,6037,YES,,,,,2026-06-15T00:00:00,6546793.04113564,1811227.59074798
174625,SANTA MONICA,90404,LICENSED AND CERTIFIED,,,930000100,OPEN,CA930000100,050290,,1966-07-01T00:00:00,2023-12-05T00:00:00,1124026273,Y,Y,1,1,2023-12-01T00:00:00,,JC,SAINT JOHN'S HEALTH CENTER,GACH,GENERAL ACUTE CARE HOSPITAL,NON-LTC,266,2121 SANTA MONICA BLVD,2303,"RICKS, MICHAEL",MICHAEL.RICKS@PROVIDENCE.ORG,(310) 829-8062,(310) 829-5511,200,LOS ANGELES,93,LA ACUTE/ANCILLARY,Y,,PARENT,,930000158,PROVIDENCE SAINT JOHN'S HEALTH CENTER,ACTIVE,1949-01-01T00:00:00,2025-11-01T00:00:00,2026-10-31T00:00:00,NONPROFIT CORP,34.0298191,-118.4786993,"(-118.4786993,34.029819101)",106190756,19,LOS ANGELES,6037,YES,,,,,2026-06-15T00:00:00,6416624.50258872,1833579.28784239
174626,BURBANK,91505,LICENSED AND CERTIFIED,,,930000101,OPEN,CA000000101,050235,,1973-02-06T00:00:00,2023-07-22T00:00:00,1336173269,Y,Y,1,1,2022-09-27T00:00:00,,JC,PROVIDENCE SAINT JOSEPH MEDICAL CENTER,GACH,GENERAL ACUTE CARE HOSPITAL,NON-LTC,383,501 S BUENA VISTA ST,4809,"KEELER, KARL",CINDI.TENNEY@PROVIDENCE.ORG,,(818) 847-4748,200,LOS ANGELES,93,LA ACUTE/ANCILLARY,Y,,PARENT,,930000159,PROVIDENCE HEALTH SYSTEM - SOUTHERN CALIFORNIA,ACTIVE,1946-01-01T00:00:00,2026-06-01T00:00:00,2027-05-31T00:00:00,NONPROFIT CORP,34.156728,-118.3293675,"(-118.3293675,34.156728)",106190758,19,LOS ANGELES,6037,YES,,,,,2026-06-15T00:00:00,6462022.01218723,1879581.72109981
174627,LONG BEACH,90813,LICENSED AND CERTIFIED,,,930000103,OPEN,CA000000103,050191,,1966-07-01T00:00:00,2023-04-27T00:00:00,1194840421,Y,Y,1,1,2023-01-14T00:00:00,,JC,ST. MARY MEDICAL CENTER,GACH,GENERAL ACUTE CARE HOSPITAL,NON-LTC,360,1050 LINDEN AVE,3321,"CALDWELL, CAROLYN",CAROLYN.CALDWELL@COMMONSPIRIT.ORG,(562) 491-9085,(562) 491-9000,200,LOS ANGELES,93,LA ACUTE/ANCILLARY,Y,,PARENT,,930000012,DIGNITY HEALTH,ACTIVE,1946-01-01T00:00:00,2026-06-10T00:00:00,2026-12-31T00:00:00,NONPROFIT CORP,33.77997,-118.1858535,"(-118.1858535,33.77997)",106190053,19,LOS ANGELES,6037,YES,,LEVEL II,,,2026-06-15T00:00:00,6505186.20112114,1742360.15958548
174628,MONROVIA,91016,LICENSED AND CERTIFIED,,,930000107,OPEN,CA9300107,052054,,2009-05-01T00:00:00,2023-12-04T00:00:00,1265601561,Y,Y,1,14,2023-09-24T00:00:00,,ACHC,MONROVIA MEMORIAL HOSPITAL,GACH,GENERAL ACUTE CARE HOSPITAL,NON-LTC,49,323 S HELIOTROPE AVE,2914,"KUPFERSTEIN, RONALD",RONK@MMHOSP.COM,(626) 408-9809,(626) 408-9800,200,LOS ANGELES,93,LA ACUTE/ANCILLARY,Y,,PARENT,,930000107,"ALAKOR HEALTHCARE, LLC",ACTIVE,1946-01-01T00:00:00,2025-11-03T00:00:00,2026-11-02T00:00:00,LIMITED LIABILITY COMPANY,34.14907548,-117.9922299,"(-117.9922299,34.149075483)",106190541,19,LOS ANGELES,6037,,,,,,2026-06-15T00:00:00,6564017.60051847,1876633.66498806
174630,NORTHRIDGE,91325,LICENSED AND CERTIFIED,,,930000111,OPEN,CA930000111,050116,,1966-07-01T00:00:00,2023-04-24T00:00:00,1417089350,Y,Y,1,1,2023-01-26T00:00:00,,JC,NORTHRIDGE HOSPITAL MEDICAL CENTER,GACH,GENERAL ACUTE CARE HOSPITAL,NON-LTC,354,18300 ROSCOE BLVD,4105,"ZOCH, JEREMY S",JEREMY.ZOCH@COMMONSPIRIT.ORG,(818) 885-5439,(818) 885-5321,200,LOS ANGELES,93,LA ACUTE/ANCILLARY,Y,,PARENT,,930000114,DIGNITY COMMUNITY CARE,ACTIVE,1956-10-07T00:00:00,2026-01-01T00:00:00,2026-12-31T00:00:00,NONPROFIT CORP,34.219998,-118.5329295,"(-118.5329295,34.219998)",106190568,19,LOS ANGELES,6037,YES,LEVEL II PED,LEVEL II,,,2026-06-15T00:00:00,6400560.26076713,1902870.65286832
174631,NORWALK,90650,LICENSED ONLY,,,930000112,OPEN,CA930000112,,,,,,Y,Y,,,,,,NORWALK COMMUNITY HOSPITAL,GACH,GENERAL ACUTE CARE HOSPITAL,NON-LTC,50,13222 BLOOMFIELD AVE,3249,"KOTHARI, DHAIWAT",NONE@DHS.CA.COM,(562) 864-8435,(562) 863-4763,200,LOS ANGELES,93,LA ACUTE/ANCILLARY,Y,930000085,CONSOLIDATED,24FEB2005,930000039,NOR LA LLC,ACTIVE,1957-10-24T00:00:00,2026-03-31T00:00:00,2027-03-14T00:00:00,LIMITED LIABILITY COMPANY,33.910767,-118.064196,"(-118.064196,33.910767)",106190570,19,LOS ANGELES,6037,,,,,,2026-06-15T00:00:00,6542188.03558189,1789914.53298047
174632,LONG BEACH,90806,LICENSED AND CERTIFIED,,,930000114,OPEN,93000114,050776,,2013-10-29T00:00:00,2023-07-10T00:00:00,1215373626,Y,Y,1,17,2023-06-23T00:00:00,,CIHQ,COLLEGE MEDICAL CENTER,GACH,GENERAL ACUTE CARE HOSPITAL,NON-LTC,121,2776 PACIFIC AVE,2613,"AVELINO, JOE",AQUINTERO@COLLEGEMEDICALCENTER.COM,(562) 997-2151,(562) 997-2073,200,LOS ANGELES,93,LA ACUTE/ANCILLARY,Y,,PARENT,,930000117,"CHLB, LLC",ACTIVE,1956-06-13T00:00:00,2025-10-09T00:00:00,2026-10-08T00:00:00,LIMITED LIABILITY COMPANY,33.80733,-118.193049,"(-118.193049,33.80733)",106190587,19,LOS ANGELES,6037,,,,,,2026-06-15T00:00:00,6503018.63032505,1752321.32437439
174635,POMONA,91767,LICENSED AND CERTIFIED,,,930000123,OPEN,CA930000123,050231,,1966-07-01T00:00:00,2023-12-07T00:00:00,1407813660,Y,Y,1,1,2023-12-05T00:00:00,,JC,POMONA VALLEY HOSPITAL MEDICAL CENTER,GACH,GENERAL ACUTE CARE HOSPITAL,NON-LTC,427,1798 N. GAREY AVE,2918,"YOCHUM, RICHARD",MICHAEL.VESTINO@PVHMC.ORG,(909) 630-7352,(909) 865-9584,200,LOS ANGELES,93,LA ACUTE/ANCILLARY,Y,,PARENT,,930000128,POMONA VALLEY HOSPITAL MEDICAL CENTER,ACTIVE,1946-01-01T00:00:00,2025-11-01T00:00:00,2026-10-31T00:00:00,NONPROFIT CORP,34.077096,-117.750627,"(-117.750627,34.077096)",106190630,19,LOS ANGELES,6037,YES,,LEVEL II,,,2026-06-15T00:00:00,6637182.26980564,1850532.57283339
174636,SAN DIMAS,91773,LICENSED AND CERTIFIED,,,930000125,OPEN,CA930000125,050588,,1972-10-30T00:00:00,2024-04-25T00:00:00,,Y,Y,1,1,2021-03-05T00:00:00,,JC,SAN DIMAS COMMUNITY HOSPITAL,GACH,GENERAL ACUTE CARE HOSPITAL,NON-LTC,101,1350 W COVINA BLVD,3245,"SCARBORO, PARRISH",PSCARBORO@PRIMEHEALTHCARE.COM,(909) 394-2789,(909) 305-5616,200,LOS ANGELES,93,LA ACUTE/ANCILLARY,Y,,PARENT,,930000139,"PRIME HEALTHCARE SERVICES-SAN DIMAS, LLC",ACTIVE,1972-10-30T00:00:00,2025-11-01T00:00:00,2026-10-31T00:00:00,PROFIT CORP,34.09905648,-117.834353,"(-117.834353,34.099056484)",106190673,19,LOS ANGELES,6037,YES,,,,,2026-06-15T00:00:00,6611815.06299423,1858472.05465782
174637,TORRANCE,90505,LICENSED AND CERTIFIED,,,930000127,OPEN,CA930000127,050351,,1966-07-01T00:00:00,2021-10-12T00:00:00,1467459776,Y,Y,1,1,2021-07-24T00:00:00,,JC,TORRANCE MEMORIAL MEDICAL CENTER,GACH,GENERAL ACUTE CARE HOSPITAL,NON-LTC,548,3330 LOMITA BLVD,5002,"HOBBS, KEITH",KEITH.HOBBS@TMMC.COM,(310) 784-4801,(310) 325-9110,200,LOS ANGELES,93,LA ACUTE/ANCILLARY,Y,,PARENT,,930000076,TORRANCE MEMORIAL MEDICAL CENTER,ACTIVE,1971-03-29T00:00:00,2026-04-01T00:00:00,2027-03-31T00:00:00,NONPROFIT CORP,33.812352,-118.344411,"(-118.344411,33.812352)",106190422,19,LOS ANGELES,6037,YES,,,,,2026-06-15T00:00:00,6457041.4535788,1754271.89101131
174638,LYNWOOD,90262,LICENSED AND CERTIFIED,,,930000128,OPEN,CA930000558,050104,,1966-07-01T00:00:00,2019-08-02T00:00:00,1114547114,Y,Y,1,1,2018-10-27T00:00:00,,JC,ST. FRANCIS MEDICAL CENTER,GACH,GENERAL ACUTE CARE HOSPITAL,NON-LTC,314,3630 E IMPERIAL HWY,2636,"PASION, TERRI",MCORREA1@PRIMEHEALTHCARE.COM,(310) 900-8299,(310) 900-7314,200,LOS ANGELES,93,LA ACUTE/ANCILLARY,Y,,PARENT,,930000157,PRIME HEALTHCARE SERVICES - ST. FRANCIS LLC,ACTIVE,1946-01-01T00:00:00,2026-01-01T00:00:00,2026-12-31T00:00:00,LIMITED LIABILITY COMPANY,33.929847,-118.2031065,"(-118.2031065,33.929847)",106190754,19,LOS ANGELES,6037,YES,,LEVEL II,,,2026-06-15T00:00:00,6500053.27241063,1796914.2076294
174640,VAN NUYS,91405,LICENSED AND CERTIFIED,,,930000129,OPEN,CA930000129,050126,,1966-07-01T00:00:00,2021-08-13T00:00:00,1578529285,Y,Y,1,15,2020-08-18T00:00:00,,DNV GL,VALLEY PRESBYTERIAN HOSPITAL,GACH,GENERAL ACUTE CARE HOSPITAL,NON-LTC,350,15107 VANOWEN ST,4542,"VALDESPINO, GUSTAVO",LORI.CARDLE@VALLEYPRES.ORG,(818) 902-3974,(818) 782-6600,200,LOS ANGELES,93,LA ACUTE/ANCILLARY,Y,,PARENT,,930000170,VALLEY PRESBYTERIAN HOSPITAL,ACTIVE,1958-01-21T00:00:00,2026-05-01T00:00:00,2027-04-30T00:00:00,NONPROFIT CORP,34.194384,-118.462752,"(-118.462752,34.194384)",106190812,19,LOS ANGELES,6037,YES,,,,,2026-06-15T00:00:00,6421732.08423705,1893444.27998881
174641,WEST COVINA,91790,LICENSED AND CERTIFIED,USE PARENT MATCH,,930000132,OPEN,CA930000070,050382,,1966-07-01T00:00:00,2023-07-06T00:00:00,1982629440,Y,Y,1,1,2023-04-15T00:00:00,,JC,EMANATE HEALTH QUEEN OF THE VALLEY HOSPITAL,GACH,GENERAL ACUTE CARE HOSPITAL,NON-LTC,325,1115 S SUNSET AVE,3940,"SHARMA, RAJESH",RCURRY@EMANATEHEALTH.ORG,(626) 851-2766,(626) 962-4011,200,LOS ANGELES,93,LA ACUTE/ANCILLARY,Y,930000070,CONSOLIDATED,24FEB2005,930000131,EMANATE HEALTH MEDICAL CENTER,ACTIVE,1962-12-16T00:00:00,2025-11-01T00:00:00,2026-10-31T00:00:00,NONPROFIT CORP,34.064316,-117.946188,"(-117.946188,34.064316)",106190636,19,LOS ANGELES,6037,YES,,,,,2026-06-15T00:00:00,6577964.62413356,1845792.37430856
174642,SUN VALLEY,91352,LICENSED AND CERTIFIED,,,930000133,OPEN,CA930000133,050378,,1966-09-01T00:00:00,2021-10-07T00:00:00,1861402935,Y,Y,1,1,2021-04-17T00:00:00,,JC,PACIFICA HOSPITAL OF THE VALLEY,GACH,GENERAL ACUTE CARE HOSPITAL,NON-LTC,95,9449 SAN FERNANDO RD,1421,"POORE, CAROL",PMAYES@PACIFICAHOSPITAL.COM,(818) 252-2311,(818) 767-3310,200,LOS ANGELES,93,LA ACUTE/ANCILLARY,Y,,PARENT,,930000148,PACIFICA OF THE VALLEY CORPORATION,ACTIVE,1946-12-30T00:00:00,2025-01-17T00:00:00,2026-01-16T00:00:00,PROFIT CORP,34.240077,-118.396485,"(-118.396485,34.240077)",106190696,19,LOS ANGELES,6037,YES,,,,,2026-06-15T00:00:00,6441836.4702093,1909987.01265131
174645,SHERMAN OAKS,91403,LICENSED AND CERTIFIED,,,930000140,OPEN,CA93000140,050755,,2006-03-01T00:00:00,2023-07-13T00:00:00,1750491247,Y,Y,1,1,2021-06-04T00:00:00,,JC,SHERMAN OAKS HOSPITAL,GACH,GENERAL ACUTE CARE HOSPITAL,NON-LTC,112,4929 VAN NUYS BLVD,1702,"GARCIA, EM V",ROLAND.SANTOS@PRIMEHEALTHCARE.COM,(818) 907-3829,(818) 981-7111,200,LOS ANGELES,93,LA ACUTE/ANCILLARY,Y,,PARENT,,930000149,"PRIME HEALTHCARE SERVICES - SHERMAN OAKS, LLC",ACTIVE,1958-03-05T00:00:00,2026-03-01T00:00:00,2027-02-28T00:00:00,LIMITED LIABILITY COMPANY,34.160256,-118.4488965,"(-118.4488965,34.160256)",106190708,19,LOS ANGELES,6037,,,,,,2026-06-15T00:00:00,6425866.4450628,1881005.60440689
174646,BALDWIN PARK,91706,LICENSED AND CERTIFIED,,,930000144,OPEN,CA930000144,052045,,2004-09-01T00:00:00,2023-05-08T00:00:00,1689984668,Y,Y,1,1,2023-02-18T00:00:00,,JC,KINDRED HOSPITAL BALDWIN PARK,GACH,GENERAL ACUTE CARE HOSPITAL,NON-LTC,91,14148 FRANCISQUITO AVE,6120,"CHAVEZ, KEVIN",KEVIN.CHAVEZ@KINDRED.COM,(626) 388-2731,(626) 388-2700,200,LOS ANGELES,93,LA ACUTE/ANCILLARY,Y,,PARENT,,930000390,"KND DEVELOPMENT 52, L.L.C.",ACTIVE,1956-06-08T00:00:00,2025-11-01T00:00:00,2026-10-31T00:00:00,LIMITED LIABILITY COMPANY,34.062876,-117.967608,"(-117.967608,34.062876)",106190049,19,LOS ANGELES,6037,,,,,,2026-06-15T00:00:00,6571477.35101889,1845265.54891865
174650,WHITTIER,90605,LICENSED AND CERTIFIED,,,930000151,OPEN,CA93000151,050735,,2004-11-01T00:00:00,2019-10-15T00:00:00,1023000569,Y,Y,1,1,2018-09-08T00:00:00,,JC,WHITTIER HOSPITAL MEDICAL CENTER,GACH,GENERAL ACUTE CARE HOSPITAL,NON-LTC,156,9080 COLIMA RD,1600,"GIORDANO, STEVE M",STEVE.GIORDANO@AHMCHEALTH.COM,(562) 693-6811,(562) 907-1540,200,LOS ANGELES,93,LA ACUTE/ANCILLARY,Y,,PARENT,,930000402,AHMC WHITTIER HOSPITAL MEDICAL CENTER LP,ACTIVE,1957-05-05T00:00:00,2025-12-01T00:00:00,2026-11-30T00:00:00,PARTNERSHIP,33.950448,-118.004499,"(-118.004499,33.950448)",106190883,19,LOS ANGELES,6037,YES,,,,,2026-06-15T00:00:00,6560302.20670256,1804349.14945239
174652,SAN PEDRO,90732,LICENSED AND CERTIFIED,,,930000157,OPEN,CA930000157,050078,,1966-07-01T00:00:00,2021-10-28T00:00:00,1942247291,Y,Y,1,1,2021-07-10T00:00:00,,JC,PROVIDENCE LITTLE COMPANY OF MARY MEDICAL CENTER SAN PEDRO,GACH,GENERAL ACUTE CARE HOSPITAL,NON-LTC,158,1300 W 7TH ST,3505,"OLNEY, GARRY",MICHAEL.RICKS@PROVIDENCE.ORG,(310) 514-5314,(310) 514-5494,200,LOS ANGELES,93,LA ACUTE/ANCILLARY,Y,,PARENT,,930000142,PROVIDENCE HEALTH SYSTEM - SOUTHERN CALIFORNIA,ACTIVE,1946-01-01T00:00:00,2025-11-13T00:00:00,2026-10-31T00:00:00,NONPROFIT CORP,33.738201,-118.3036185,"(-118.3036185,33.738201)",106190680,19,LOS ANGELES,6037,YES,,,,,2026-06-15T00:00:00,6469351.85153013,1727246.40044297
174656,LOS ANGELES,90095,LICENSED AND CERTIFIED,,,930000162,OPEN,CA930000162,050262,,1966-07-01T00:00:00,2023-01-31T00:00:00,1902803315,Y,Y,1,1,2019-05-25T00:00:00,,JC,RONALD REAGAN UCLA MEDICAL CENTER,GACH,GENERAL ACUTE CARE HOSPITAL,NON-LTC,446,757 WESTWOOD PLZ,8358,"SPISSO, JOHNESE",JBERGEN@MEDNET.UCLA.EDU,(310) 794-3907,(310) 267-2041,200,LOS ANGELES,93,LA ACUTE/ANCILLARY,Y,,PARENT,,930000165,REGENTS UNIVERSITY OF CALIFORNIA HEALTH SCIENCES & SERVICES,ACTIVE,1955-07-01T00:00:00,2025-11-19T00:00:00,2026-11-18T00:00:00,UC REGENT,34.066197,-118.44594,"(-118.44594,34.066197)",106190796,19,LOS ANGELES,6037,YES,LEVEL I PED,LEVEL I,,,2026-06-15T00:00:00,6426608.98097931,1846772.13416006
174657,LOS ANGELES,90089,LICENSED AND CERTIFIED,,,930000163,OPEN,CA930000163,050660,,1983-04-11T00:00:00,2023-08-16T00:00:00,1417554528,Y,Y,1,1,2023-06-17T00:00:00,,JC,USC KENNETH NORRIS JR. CANCER HOSPITAL,GACH,GENERAL ACUTE CARE HOSPITAL,NON-LTC,60,1441 EASTLAKE AVE,112,"SARGEANT, MARTY",DEBBIE.PAIKOS@MED.USC.EDU,(323) 442-8945,(323) 442-9716,200,LOS ANGELES,93,LA ACUTE/ANCILLARY,Y,,PARENT,,930000267,KECK MEDICAL CENTER OF USC,ACTIVE,1983-04-11T00:00:00,2026-04-01T00:00:00,2027-03-31T00:00:00,NONPROFIT CORP,34.06196373,-118.2047311,"(-118.2047311,34.061963726)",106191216,19,LOS ANGELES,6037,,,,,,2026-06-15T00:00:00,6499658.37096947,1844995.12426265
174663,GLENDALE,91208,LICENSED AND CERTIFIED,,,930000187,OPEN,CA930000187,050124,,1966-07-01T00:00:00,2021-09-01T00:00:00,1487251401,Y,Y,1,15,2024-12-06T00:00:00,,DNV GL,USC VERDUGO HILLS HOSPITAL,GACH,GENERAL ACUTE CARE HOSPITAL,NON-LTC,116,1812 VERDUGO BLVD,1407,"DORIAN, ARMAND",KECKLICENSING@MED.USC.EDU,(818) 952-4649,(818) 952-2210,200,LOS ANGELES,93,LA ACUTE/ANCILLARY,Y,,PARENT,,930000173,USC VERDUGO HILLS HOSPITAL,ACTIVE,1972-12-08T00:00:00,2026-05-29T00:00:00,2027-05-28T00:00:00,NONPROFIT CORP,34.205526,-118.2168,"(-118.2168,34.205526)",106190818,19,LOS ANGELES,6037,YES,,,,,2026-06-15T00:00:00,6496115.67136197,1897247.63655531
174665,WEST COVINA,91790,LICENSED AND CERTIFIED,USE PARENT MATCH,,930000188,OPEN,CA93000035,050763,,2008-11-25T00:00:00,2023-12-04T00:00:00,1780183335,Y,Y,1,1,2023-09-16T00:00:00,,JC,WEST COVINA MEDICAL CENTER,GACH,GENERAL ACUTE CARE HOSPITAL,NON-LTC,13,725 S ORANGE AVE,2614,"WALLMAN, GERALD",ADMINISTRATION@WESTCOVINAMC.COM,(626) 960-9178,(626) 338-8481,200,LOS ANGELES,93,LA ACUTE/ANCILLARY,Y,930000035,CONSOLIDATED,21JUN2022,930000137,"L.A. DOWNTOWN MEDICAL CENTER, LLC",ACTIVE,1974-10-21T00:00:00,2025-11-18T00:00:00,2026-11-17T00:00:00,LIMITED LIABILITY COMPANY,34.071354,-117.944757,"(-117.944757,34.071354)",106190857,19,LOS ANGELES,6037,,,,,,2026-06-15T00:00:00,6578396.62097298,1848353.87279448
174666,LOS ANGELES,90033,LICENSED AND CERTIFIED,,,930000191,OPEN,CA930000191,050103,,1966-07-01T00:00:00,2023-10-12T00:00:00,1215927470,Y,Y,1,1,2023-09-27T00:00:00,,JC,ADVENTIST HEALTH WHITE MEMORIAL,GACH,GENERAL ACUTE CARE HOSPITAL,NON-LTC,293,1720 E CESAR E CHAVEZ AVE,2414,"RAFFOUL, JOHN",BRYANTMC@AH.ORG,(323) 881-8605,(323) 268-5000,200,LOS ANGELES,93,LA ACUTE/ANCILLARY,Y,,PARENT,,930000195,WHITE MEMORIAL MEDICAL CENTER,ACTIVE,1946-01-01T00:00:00,2026-05-27T00:00:00,2026-10-31T00:00:00,NONPROFIT CORP,34.050735,-118.216962,"(-118.216962,34.050735)",106190878,19,LOS ANGELES,6037,YES,,,,,2026-06-15T00:00:00,6495945.10050888,1840916.55138306
174686,WOODLAND HILLS,91367,LICENSED AND CERTIFIED,,,930000290,OPEN,CA930000290,050677,,1986-04-25T00:00:00,2018-12-17T00:00:00,1295880912,Y,Y,1,1,2018-08-25T00:00:00,,JC,KAISER FOUNDATION HOSPITAL - WOODLAND HILLS,GACH,GENERAL ACUTE CARE HOSPITAL,NON-LTC,274,5601 DE SOTO AVE,6701,"SANWARI, MURTAZA",MURTAZA.X.SANWARI@KP.ORG,(818) 719-2476,(818) 719-2000,200,LOS ANGELES,93,LA ACUTE/ANCILLARY,Y,,PARENT,,930000358,KAISER FOUNDATION HOSPITALS,ACTIVE,1986-04-08T00:00:00,2026-04-16T00:00:00,2027-04-07T00:00:00,NONPROFIT CORP,34.171263,-118.5886125,"(-118.5886125,34.171263)",106191450,19,LOS ANGELES,6037,YES,,,,,2026-06-15T00:00:00,6383623.42685872,1885229.31741615
174687,GLENDALE,91206,LICENSED AND CERTIFIED,USE PARENT MATCH,,930000302,OPEN,CA930000059,050239,,1966-07-01T00:00:00,2019-06-24T00:00:00,1831188275,Y,Y,1,1,2019-02-09T00:00:00,,JC,GLENDALE ADVENTIST MEDICAL CENTER,GACH,GENERAL ACUTE CARE HOSPITAL,NON-LTC,0,1509 WILSON TERRACE,4098,,,,,200,LOS ANGELES,93,LA ACUTE/ANCILLARY,Y,930000059,CONSOLIDATED,24FEB2005,930000059,GLENDALE ADVENTIST MEDICAL CENTER,ACTIVE,1946-01-01T00:00:00,2026-06-01T00:00:00,2027-05-31T00:00:00,NONPROFIT CORP,34.15233862,-118.2299789,"(-118.2299789,34.152338619)",,19,LOS ANGELES,6037,,,,,,2026-06-15T00:00:00,6492086.66039114,1877900.68902881
174768,LOS ANGELES,90033,LICENSED AND CERTIFIED,,,930000912,OPEN,CA930000912,050696,,1991-06-07T00:00:00,2023-08-17T00:00:00,1013514199,Y,Y,1,1,2023-04-08T00:00:00,,JC,KECK HOSPITAL OF USC,GACH,GENERAL ACUTE CARE HOSPITAL,NON-LTC,343,1500 SAN PABLO ST,5313,"SARGEANT, MARTY",DEBBIE.PAIKOS@MED.USC.EDU,(323) 442-8945,(323) 442-9716,200,LOS ANGELES,93,LA ACUTE/ANCILLARY,Y,,PARENT,,930000459,KECK MEDICAL CENTER OF USC,ACTIVE,1991-05-17T00:00:00,2026-03-31T00:00:00,2027-03-30T00:00:00,NONPROFIT CORP,34.061976,-118.202661,"(-118.202661,34.061976)",106194219,19,LOS ANGELES,6037,,,,,,2026-06-15T00:00:00,6500285.36413805,1844998.31881006
174806,BALDWIN PARK,91706,LICENSED AND CERTIFIED,,,930001543,OPEN,CA930001543,050723,,1999-01-27T00:00:00,2022-04-22T00:00:00,1477608271,Y,Y,1,1,2021-12-04T00:00:00,,JC,KAISER FOUNDATION HOSPITAL - BALDWIN PARK,GACH,GENERAL ACUTE CARE HOSPITAL,NON-LTC,271,1011 BALDWIN PARK BLVD,5806,"CHO, EUGENE R",LEILA.J.TOUMASIS@KP.ORG,(626) 851-5649,(626) 851-6386,200,LOS ANGELES,93,LA ACUTE/ANCILLARY,Y,,PARENT,,930000920,KAISER FOUNDATION HOSPITALS,ACTIVE,,2026-03-01T00:00:00,2027-02-28T00:00:00,NONPROFIT CORP,34.065468,-117.985212,"(-117.985212,34.065468)",106196035,19,LOS ANGELES,6037,YES,,,,,2026-06-15T00:00:00,6566145.42401873,1846207.57623406
174877,LONG BEACH,90806,LICENSED AND CERTIFIED,,,930001709,OPEN,CA930001709,053309,,2001-01-12T00:00:00,2020-04-07T00:00:00,1477596583,Y,Y,1,1,2018-12-15T00:00:00,,JC,MEMORIALCARE MILLER CHILDREN'S & WOMEN'S HOSPITAL LONG BEACH,GACH,GENERAL ACUTE CARE HOSPITAL,NON-LTC,357,2801 ATLANTIC AVE,1701,"BEIRNE, FRANK",CLEROY@MEMORIALCARE.ORG,(562) 933-9973,(562) 933-1902,200,LOS ANGELES,93,LA ACUTE/ANCILLARY,Y,,PARENT,,930000949,LONG BEACH MEMORIAL MEDICAL CENTER,ACTIVE,2000-06-30T00:00:00,2026-06-30T00:00:00,2027-06-29T00:00:00,NONPROFIT CORP,33.808293,-118.186632,"(-118.186632,33.808293)",106196168,19,LOS ANGELES,6037,YES,LEVEL II PED,LEVEL II,,,2026-06-15T00:00:00,6504968.75503372,1752668.10353647
