X,Y,OBJECTID,County_Code,Application_Number,Legal_Entity_Name,Facility_Name,Facility_Address1,Facility_Address2,Additional_Facility_Locations,Facility_City,Facility_State,Facility_Zip,Facility_Phone,Type_of_Application,Program_Code,Treatment_Capacity,Total_Capacity,Lic_Expiration_Date,Target_Population,Incident_Medical_Services,Adolescent_Waiver,F20,F21,Latitude,Longitude,CountyName
-118.426059828,34.293781139,230,19,190003BP,SAN FERNANDO RECOVERY CENTER,SAN FERNANDO RECOVERY CENTER OUTPATIENT,1024 N MACLAY AVE,SUITE G & N,,LOS ANGELES ,CA,91340,(747) 500-9405,Certified,NON-DETOX,0,0,4/30/2028,1.1 --- CO-ED,No,No,,,34.294193612549,-118.426359900472,Los Angeles County
-118.281929399,34.04915035,232,19,190002AN,ALCOHOLISM CENTER FOR WOMEN,ALCOHOLISM CENTER FOR WOMEN,1147 SOUTH ALVARADO STREET,,,LOS ANGELES,CA,90006,(213) 381-8500,Certified,NON,0,0,2/28/2027,1.1 --- CO-ED,No,No,,,34.048962343507,-118.281636786778,Los Angeles County
-118.281717672,34.049431143,233,19,190002BN,ALCOHOLISM CENTER FOR WOMEN,ALCOHOLISM CENTER FOR WOMEN,1135 SOUTH ALVARADO STREET,,,LOS ANGELES,CA,90006,(213) 381-8500,Licensed and Certified,RES-DETOX,32,32,2/28/2027,1.3 --- WOMEN ONLY,Yes,No,,,34.049257554137,-118.281447271948,Los Angeles County
-118.204265953,34.0190999280001,245,19,190007JN,"BEHAVIORAL HEALTH SERVICES, INC.",BHS BOYLE HEIGHTS FAMILY RECOVERY CENTER,3421 E. OLYMPIC BOULEVARD,,,LOS ANGELES,CA,90023,(323) 262-1786,Certified,NON,0,0,9/30/2027,1.1 --- CO-ED,No,No,,,34.018808656381,-118.204262851833,Los Angeles County
-118.195173265,34.0764561170001,246,19,190007KN,"BEHAVIORAL HEALTH SERVICES, INC.",LINCOLN HEIGHTS FAMILY RECOVERY CENTER,4099 NORTH MISSION ROAD,UNIT A,,LOS ANGELES,CA,90032,(323) 221-1746,Certified,NON,0,0,9/30/2027,1.1 --- CO-ED,No,No,,,34.076309182717,-118.194948545748,Los Angeles County
-118.239203356,33.923522119,255,19,190007XN,"BEHAVIORAL HEALTH SERVICES, INC.",BHS RESPITE & RECOVERY CENTER AT MLK CAMPUS,12021 S. WILMINGTON AVENUE,"BLDG 18, SUITE 101",,LOS ANGELES,CA,90059,(424) 454-6001,Licensed and Certified,RES-DETOX,18,18,9/30/2026,1.1 --- CO-ED,Yes,No,,,33.923522119388,-118.239203356414,Los Angeles County
-118.275125557,34.022303449,272,19,190023AN,THE SALVATION ARMY,HOPE HARBOR CENTER,3107 SOUTH GRAND AVENUE,,,LOS ANGELES,CA,90007,(213) 744-8186 X202,Licensed,RES,56,56,4/30/2028,1.2 --- MEN ONLY,No,No,,,34.022223653282,-118.275001336949,Los Angeles County
-118.243356467,34.013909685,274,19,190027BN,VOLUNTEERS OF AMERICA OF LOS ANGELES,VOA OF CENTRAL CITY RECOVERY SERVICES,2521 LONG BEACH AVENUE, ,,LOS ANGELES,CA,90058,(562) 399-5452,Licensed and Certified,RES-DETOX,60,60,2/29/2028,1.2 --- MEN ONLY,No,No,,,34.013909098699,-118.243261668013,Los Angeles County
-118.122050128,33.8817918230001,276,19,190029BN,LITTLE HOUSE,LITTLE HOUSE OUTPATIENT,9928 FLOWER ST. ,SUITE 101,,LOS ANGELES,CA,90706,(562) 925-2777,Certified,NON,0,0,12/31/2026,1.1 --- CO-ED,No,No,,,33.882074376513,-118.122051050012,Los Angeles County
-118.377014212,34.0453946700001,282,19,190027JN,VOLUNTEERS OF AMERICA OF LOS ANGELES,LA CIENEGA RECOVERY,1765 S LA CIENEGA BLVD.,,,LOS ANGELES,CA,90035,(310) 204-0690,Licensed and Certified,RES-DETOX,50,50,2/29/2028,1.2 --- MEN ONLY,Yes,No,,,34.045291405192,-118.3766744092,Los Angeles County
-118.192543107,34.0306292770001,299,19,190081GN,"SOCIAL MODEL RECOVERY SYSTEMS, INC.",MARIPOSA RECOVERY HOME,453 SOUTH INDIANA STREET,,,LOS ANGELES,CA,90063,(323) 266-7726,Licensed and Certified,RES,13,15,10/31/2026,1.4 --- WOMEN/CHILDREN,Yes,No,,,34.030629277244,-118.192370439969,Los Angeles County
-118.272260371,34.060761171,302,19,190081JN,"SOCIAL MODEL RECOVERY SYSTEMS, INC.",ROYAL PALMS RECOVERY HOME,360 SOUTH WESTLAKE AVENUE,,,LOS ANGELES,CA,90057,(213) 483-9202,Licensed and Certified,RES,115,115,12/31/2027,1.1 --- CO-ED,Yes,No,,,34.060860161698,-118.272415184543,Los Angeles County
-118.239203356,33.923522119,326,19,190085YN,"TARZANA TREATMENT CENTERS, INC.","TARZANA TREATMENT CENTERS, INC.",12021 S. WILMINGTON AVENUE,"BLDG 18, SUITE  301",,LOS ANGELES,CA,90059,(818) 654-3815,Certified,NON-DETOX,0,0,9/30/2026,1.1 --- CO-ED,No,No,,,33.923522119388,-118.239203356414,Los Angeles County
-118.376258918,34.0455292,328,19,190087DN,CHABAD OF CALIFORNIA,CHABAD RECOVERY OUTPATIENT CENTER,1750 SOUTH LA CIENEGA BLVD,,,LOS ANGELES,CA,90035,(323) 965-1365 X105,Certified,NON,0,0,1/31/2028,1.1 --- CO-ED,No,No,,,34.045606648571,-118.376525211323,Los Angeles County
-118.353257886,34.057550861,329,19,190087CN,CHABAD OF CALIFORNIA,CHABAD RESIDENTIAL TREATMENT CENTER,5675 WEST OLYMPIC BOULEVARD,,,LOS ANGELES,CA,90036,(323) 965-1365,Licensed and Certified,RES,44,44,3/31/2027,1.2 --- MEN ONLY,Yes,No,,,34.057411637184,-118.353261658155,Los Angeles County
-118.291007503,34.071470897,331,19,190081LN,"SOCIAL MODEL RECOVERY SYSTEMS, INC.",BIMINI RECOVERY CENTER,155 SOUTH BIMINI PLACE,,,LOS ANGELES,CA,90004,(213) 388-5423,Licensed and Certified,RES,84,84,7/31/2027,1.1 --- CO-ED,Yes,No,,,34.071475255336,-118.29054272654,Los Angeles County
-118.38771698,34.0397600200001,339,19,190093AP,"NUVU, LLC",NUVIEW TREATMENT CENTER,2370 S. ROBERTSON BOULEVARD,,,LOS ANGELES,CA,90034,(484) 894-5764,Certified,NON,0,0,11/30/2026,1.1 --- CO-ED,No,No,,,34.039822297189,-118.387947817514,Los Angeles County
-118.178495624,34.0824152320001,340,19,190094HN,"PRINCIPLES, INC.","PRINCIPLES, INC., D.B.A. IMPACT",3217 NORTH EASTERN AVENUE,SUITES 101-103,,LOS ANGELES,CA,90032,(213) 625-5009,Certified,NON,0,0,9/30/2028,1.1 --- CO-ED,No,No,,,34.082415985913,-118.178071416066,Los Angeles County
-118.290953607,34.0881362160001,341,19,190095MN,"CRI-HELP, INC.",SOCORRO,4439 BURNS AVENUE,,"4445, & 4455 BURNS AVENUE",LOS ANGELES,CA,90029,(323) 222-1440,Licensed and Certified,RES-DETOX,75,75,5/31/2027,1.1 --- CO-ED,Yes,No,,,34.087725418661,-118.29095570291,Los Angeles County
-118.201587265,34.0686962770001,342,19,190095ON,"CRI-HELP, INC.",LINCOLN HEIGHTS RECOVERY CAMPUS,3619 NORTH MISSION ROAD,,,LOS ANGELES,CA,90031,(818) 985-8323,Licensed and Certified,RES-DETOX,78,78,5/31/2028,1.2 --- MEN ONLY,Yes,No,,,34.068323282557,-118.201413675305,Los Angeles County
-118.201398253,34.069018729,343,19,190095PN,"CRI-HELP, INC.",LINCOLN HEIGHTS RECOVERY CAMPUS,2029 KEITH ST,,,LOS ANGELES,CA,90031,(818) 985-8323,Certified,NON,0,0,7/31/2028,1.1 --- CO-ED,No,No,,,34.069018729063,-118.201289204043,Los Angeles County
-118.241054126,33.9479558840001,344,19,190099EN,"CANON HUMAN SERVICES CENTERS, INC.",BROWN SCAPULAR PROGRAM,9705 HOLMES AVENUE,,,LOS ANGELES,CA,90002,(323) 249-9097,Licensed,RES,43,43,2/29/2028,1.2 --- MEN ONLY,No,No,,,33.947955548739,-118.240806776211,Los Angeles County
-118.243318749,34.0448698370001,348,19,190100EN,LOS ANGELES CENTERS FOR ALCOHOL AND DRUG ABUSE,L.A. CADA,426 S. SAN PEDRO STREET,,305 AND 307 S. CENTRAL AVENUE,LOS ANGELES,CA,90013,(213) 626-6411,Certified,NON,0,0,1/31/2028,1.1 --- CO-ED,No,No,,,34.044935383855,-118.24344456114,Los Angeles County
-118.273713458,33.936706825,352,19,190100QN,LOS ANGELES CENTERS FOR ALCOHOL AND DRUG ABUSE,LOS ANGELES CENTERS FOR ALCOHOL AND DRUG ABUSE,10924 MAIN ST,SUITE A,,LOS ANGELES,CA,90061,(323) 880-8159,Certified,NON,0,0,11/30/2027,1.1 --- CO-ED,No,No,,,33.936708501511,-118.273846226872,Los Angeles County
-118.283285339,34.0763922890001,357,19,190108CP,"LOS ANGELES RECOVERY CENTERS, LLC",NO MATTER WHAT RECOVERY,3409 W TEMPLE STREET,,,LOS ANGELES,CA,90026,(323) 797-5464,Certified,NON,0,0,12/31/2026,1.1 --- CO-ED,No,No,,,34.076269242948,-118.283354825472,Los Angeles County
-118.330212011,33.9944119960001,358,19,190112AN,"ASIAN AMERICAN DRUG ABUSE PROGRAM, INC.",ASIAN AMERICAN DRUG ABUSE PROGRAM,5318 CRENSHAW BOULEVARD,,,LOS ANGELES,CA,90043,(323) 293-6291,Licensed and Certified,RES,35,39,1/31/2028,1.1 --- CO-ED,Yes,No,,,33.994411995632,-118.330212011156,Los Angeles County
-118.321777553,34.1060238260001,360,19,190111AN,VAN NESS RECOVERY HOUSE,VAN NESS RECOVERY HOUSE,1919 NORTH BEACHWOOD DRIVE,,,LOS ANGELES,CA,90068,(323) 463-4266,Licensed,RES,20,20,10/31/2026,1.1 --- CO-ED,No,No,,,34.106210406919,-118.321526683085,Los Angeles County
-118.303816895,34.063704812,373,19,190132AN,"KOREATOWN YOUTH AND COMMUNITY CENTER, INC.","KOREATOWN YOUTH AND COMMUNITY CENTER, INC.",3727 W. 6TH STREET,SUITE 411,,LOS ANGELES,CA,90020,(213) 365-7400,Certified,NON,0,0,1/31/2027,1.1 --- CO-ED,No,No,,,34.063581011288,-118.30381706278,Los Angeles County
-118.386960346,33.974194552,377,19,190136AP,"CNV DETOX, INC.",CNV DETOX,5919 WEST 74TH STREET,,,LOS ANGELES,CA,90045,(310) 431-4829,Licensed,RES-DETOX,6,6,12/31/2026,1.1 --- CO-ED,Yes,No,,,33.974019956763,-118.386960177863,Los Angeles County
-118.24788588,33.9660351040001,378,19,190136AN,TESSIE CLEVELAND COMMUNITY SERVICES CORPORATION,TESSIE CLEVELAND COMMUNITY SERVICES CORPORATION,8019 COMPTON AVENUE,,,LOS ANGELES,CA,90001,(323) 586-7333,Certified,NON,0,0,5/31/2027,1.1 --- CO-ED,No,No,,,33.966036780722,-118.247694437507,Los Angeles County
-118.278986178,33.923446906,382,19,190182EN,DARE U TO CARE OUTREACH MINISTRY,DARE U TO CARE OUTREACH MINISTRY,316 WEST 120TH STREET,,,LOS ANGELES,CA,90061,(323) 777-2372,Licensed and Certified,RES,20,21,9/30/2027,1.1 --- CO-ED,No,No,,,33.923694842459,-118.27898676427,Los Angeles County
-118.278500865,33.9902472370001,387,19,190210GN,"SPECIAL SERVICE FOR GROUPS, INC.",SSG HOP-ICS,5715 S. BROADWAY,,,LOS ANGELES,CA,90037,(323) 948-0444,Certified,NON,0,0,12/31/2026,1.1 --- CO-ED,No,No,,,33.990249332967,-118.278326605576,Los Angeles County
-118.256595013,34.085334984,392,19,190240BN,GATEWAYS HOSPITAL AND MENTAL HEALTH CENTER,GATEWAYS OUTPATIENT HEALING AND ADDICTION RECOVERY,1891 EFFIE STREET,,,LOS ANGELES,CA,90026,(323) 644-2000,Certified,NON,0,0,6/30/2028,1.1 --- CO-ED,No,No,,,34.084525459486,-118.256967169352,Los Angeles County
-118.273842455,34.067987336,395,19,190246AN,HOMELESS HEALTH CARE LOS ANGELES,INTEGRATED TREATMENT PROGRAM FOR CO-OCCURRING DISORDERS,2330 BEVERLY BOULEVARD,,,LOS ANGELES,CA,90057,(213) 744-0724,Certified,NON,0,0,9/30/2026,1.1 --- CO-ED,No,No,,,34.068136366116,-118.273779087827,Los Angeles County
-118.457712656,34.0536508860001,399,19,190209CN,"NEW DIRECTIONS, INC.",NEW DIRECTIONS FOR VETERANS,11303 WILSHIRE BOULEVARD,VA BUILDING 116,,LOS ANGELES,CA,90073,(310) 914-4045,Licensed and Certified,RES,30,30,12/31/2026,1.2 --- MEN ONLY,No,No,,,34.05365088644,-118.457712656282,Los Angeles County
-118.279223888,34.015701988,400,19,190259AN,EPIDAURUS,AMITY FOUNDATION-AMISTAD DE LOS ANGELES,3735 SOUTH GRAND AVENUE,,"3739, 3745 & 3750 SUITE B SOUTH GRAND AVENUE",LOS ANGELES,CA,90007,(323) 572-5566,Licensed and Certified,RES,184,184,5/31/2027,1.2 --- MEN ONLY,No,No,,,34.015612469062,-118.279090280775,Los Angeles County
-118.278987602,34.0154317970001,403,19,190259CN,EPIDAURUS,AMITY FOUNDATION,3750 SOUTH GRAND AVENU,SUITE A,,LOS ANGELES,CA,90007,(323) 572-5566,Certified,NON,0,0,1/31/2027,1.1 --- CO-ED,No,No,,,34.015504719697,-118.279096483383,Los Angeles County
-118.299557966,34.076052529,404,19,190279DP,"SADLER HEALTHCARE, INC.",MARIPOSA HOUSE,225 N. MARIPOSA AVENUE,,220 N. NORMANDIE AVENUE,LOS ANGELES,CA,90004,(213) 736-5578,Licensed,RES-DETOX,48,49,3/31/2027,1.2 --- MEN ONLY,Yes,No,,,34.07605437286,-118.299451264692,Los Angeles County
-118.291340348,34.041820375,405,19,190279GP,"SADLER HEALTHCARE, INC.",MENLO HOUSE RESIDENTIAL,1730 S. VERMONT AVENUE,,1731 MENLO AVENUE,LOS ANGELES,CA,90006,(310) 780-6911,Licensed,RES-DETOX,30,30,7/31/2028,1.2 --- MEN ONLY,Yes,No,,,34.041819620897,-118.291551404768,Los Angeles County
-118.28822337,34.055722013,413,19,190259FN,EPIDAURUS,LA ENTRADA,2756 JAMES M. WOOD BLVD.,,,LOS ANGELES,CA,90006,(213) 523-3100,Licensed,RES,60,60,10/31/2027,1.3 --- WOMEN ONLY,No,No,,,34.055870791923,-118.288224375941,Los Angeles County
-118.386540245,34.030636821,416,19,190326CN,BEIT T'SHUVAH,BEIT T'SHUVAH,8847 VENICE BLVD.,SUITE B,,LOS ANGELES,CA,90034,(310) 204-5200,Certified,NON,0,0,5/31/2028,1.1 --- CO-ED,No,No,,,34.030486365794,-118.386456174025,Los Angeles County
-118.386199353,34.0308304010001,417,19,190326AN,BEIT T'SHUVAH,BEIT T'SHUVAH,8831 VENICE BOULEVARD,SUITE 100 AND 200,"8847 VENICE BOULEVARD, SUITE A",LOS ANGELES,CA,90034,(310) 204-5200,Licensed and Certified,RES,98,98,12/31/2027,1.1 --- CO-ED,Yes,No,,,34.030677515096,-118.386114024737,Los Angeles County
-118.207422159,34.056385064,418,19,190368EN,CLINICA MSR. OSCAR A ROMERO,CLINICA MSR. OSCAR A. ROMERO ,2032 MARENGO STREET,SUITE B   ,,LOS ANGELES ,CA,90033,(213) 201-2755,Certified,NON,0,0,12/31/2026,1.1 --- CO-ED,No,No,,,34.05657482988,-118.207337585374,Los Angeles County
-118.270889091,34.066150861,419,19,190368DN,CLINICA MSR. OSCAR A ROMERO,CLINICA MSR. OSCAR A. ROMERO,123 SOUTH ALVARADO STREET,,,LOS ANGELES,CA,90057,(213) 201-2755,Certified,NON,0,0,12/31/2026,1.1 --- CO-ED,No,No,,,34.066050697149,-118.270732098385,Los Angeles County
-118.2829737,33.9664653890001,420,19,190377BN,WATTS HEALTHCARE CORPORATION,HOUSE OF UHURU,8005 SOUTH FIGUEROA STREET,,,LOS ANGELES,CA,90003,(323) 568-5400,Certified,NON,0,0,3/31/2027,1.1 --- CO-ED,No,No,,,33.966466898083,-118.282779575457,Los Angeles County
-118.25791248,34.067869025,421,19,190364CN,"UNITED AMERICAN INDIAN INVOLVEMENT, INC.",ROBERT SUNDANCE FAMILY WELLNESS CENTER,1453 W TEMPLE ST,,,LOS ANGELES,CA,90026,(213) 202-3970,Certified,NON,0,0,11/30/2026,1.1 --- CO-ED,No,No,,,34.067577837998,-118.257972075724,Los Angeles County
-118.293383605,34.061623083,426,19,190473AN,CHILDREN'S HOSPITAL LOS ANGELES,"SUBSTANCE USE PREVENTION AND TREATMENT PROGRAM, DIVISION OF ADOLESCENT MEDICINE, CHLA",3250 WILSHIRE BOULEVARD,SUITE 300,,LOS ANGELES,CA,90010,(323) 361-2463,Certified,NON,0,0,5/31/2027,1.4 --- WOMEN/CHILDREN,No,No,,,34.061704219348,-118.29338477845,Los Angeles County
-118.310510599,33.9312600970001,429,19,190504AN,"NEW HOPE DRUG AND ALCOHOL TREATMENT PROGRAM, INC.","NEW HOPE DRUG AND ALCOHOL TREATMENT PROGRAM, INC.",1837 WEST IMPERIAL HIGHWAY,,1841 AND 1841 1/2 WEST IMPERIAL HIGHWAY,LOS ANGELES,CA,90047,(323) 750-2850,Certified,NON,0,0,2/29/2028,1.1 --- CO-ED,No,No,,,33.93105909877,-118.310511688846,Los Angeles County
-118.244701679,34.042693141,432,19,190541AN,WEINGART CENTER ASSOCIATION,WEINGART CENTER ASSOCIATION/EPIC,554 SOUTH SAN PEDRO STREET,,"566 SOUTH SAN PEDRO STREET, 8TH FLOOR",LOS ANGELES,CA,90013,(213) 627-9000,Licensed,RES,35,35,1/31/2027,1.1 --- CO-ED,No,No,,,34.042791209204,-118.244835118877,Los Angeles County
-118.423227583,34.0393439000001,435,19,190577HP,"AUTHENTIC RECOVERY, LLC",CASA PALMERA LOS ANGELES,10700 CUSHDON AVENUE,,,LOS ANGELES,CA,90064,(562) 395-4802,Licensed and Certified,RES-DETOX,6,6,10/31/2027,1.1 --- CO-ED,Yes,No,,,34.039505838435,-118.423316766705,Los Angeles County
-118.428268963,34.045695664,436,19,190577EP,"AUTHENTIC RECOVERY, LLC",CASA PALMERA LOS ANGELES,2203 OVERLAND AVENUE,,,LOS ANGELES,CA,90064,(424) 781-4705,Licensed and Certified,RES-DETOX,6,6,10/31/2027,1.1 --- CO-ED,Yes,No,,,34.045859362951,-118.428079531727,Los Angeles County
-118.284586462,33.9598435180001,444,19,190656AN,YOU CAN HEALTH SERVICES,YOU CAN ALCOHOL AND DRUG COUNSELING AND EDUCATION PROGRAM,600 WEST MANCHESTER AVENUE,SUITE 5,,LOS ANGELES,CA,90044,(310) 349-9778,Certified,NON,0,0,9/30/2028,1.5 --- YOUTH/ADOLESCENT,No,No,,,33.959984837081,-118.284585540315,Los Angeles County
-118.269860967,33.9953744900001,450,19,190718AN,"JWCH INSTITUTE, INC.",MINI HOUSE RESIDENTIAL TREATMENT,303 EAST 52ND STREET,,,LOS ANGELES,CA,90011,(323) 813-0200,Licensed and Certified,RES,31,41,4/30/2027,1.3 --- WOMEN ONLY,No,No,,,33.995285222305,-118.269860128998,Los Angeles County
-118.314307434,34.0945545320001,451,19,190725AP,LA FUENTE HOLLYWOOD TREATMENT CENTER LLC,LA FUENTE HOLLYWOOD TREATMENT CENTER LLC,5718 FOUNTAIN AVENUE,,5718 1/2 FOUNTAIN AVENUE,LOS ANGELES,CA,90028,(323) 464-2947,Licensed and Certified,RES-DETOX,10,10,9/30/2027,1.1 --- CO-ED,Yes,No,,,34.094710184305,-118.314308942442,Los Angeles County
-118.277202928,34.060736654,452,19,190728BN,HEALTHRIGHT 360,HEALTHRIGHT 360,2307 WEST 6TH STREET,,,LOS ANGELES,CA,90057,(213) 351-2800,Licensed,RES,200,200,9/30/2026,1.2 --- MEN ONLY,No,No,,,34.060619726805,-118.277255146893,Los Angeles County
-118.322483226,34.09999707,453,19,190725BP,LA FUENTE HOLLYWOOD TREATMENT CENTER LLC,LA FUENTE HOLLYWOOD TREATMENT CENTER ,1601 NORTH GOWER STREET,SUITE 101 & 201,,LOS ANGELES,CA,90028,(323) 464-2947,Certified,NON,0,0,5/31/2027,1.1 --- CO-ED,No,No,,,34.099998075562,-118.322357832604,Los Angeles County
-118.267909409,34.0292251830001,454,19,190728CN,HEALTHRIGHT 360,HEALTHRIGHT 360,145 WEST 22ND STREET,,,LOS ANGELES,CA,90007,(213) 351-2832,Certified,NON,0,0,7/31/2027,1.1 --- CO-ED,No,No,,,34.02903323715,-118.267991886599,Los Angeles County
-118.239203356,33.923522119,458,19,190728HN,HEALTHRIGHT 360,MLK JR. BEHAVIORAL HEALTH CENTER,12021 SOUTH WILMINGTON AVENUE,"BUILDING 18, SUITE 300",,LOS ANGELES,CA,90059,(424) 454-6042,Licensed,RES-DETOX,99,99,9/30/2026,1.1 --- CO-ED,Yes,No,,,33.923522119388,-118.239203356414,Los Angeles County
-118.465418899,34.039129491,466,19,190746AP,"THE CANYON AT SANTA MONICA, LLC",THE CANYON AT SANTA MONICA,12304 SANTA MONICA BOULEVARD,SUITE 112,,LOS ANGELES,CA,90025,(424) 832-7368,Certified,NON,0,0,4/30/2028,1.1 --- CO-ED,No,No,,,34.03953743821,-118.46561168249,Los Angeles County
-118.252688208,34.021897849,472,19,190751AN,"MOTIVATIONAL RECOVERY SERVICES, INC.","MOTIVATIONAL RECOVERY SERVICES, INC.",2116 S. CENTRAL AVENUE ,,2118 S. CENTRAL AVENUE ,LOS ANGELES,CA,90011,(213) 493-4664,Certified,NON,0,0,7/31/2028,1.1 --- CO-ED,No,No,,,34.021973369653,-118.252771104804,Los Angeles County
-118.272801926,34.10508895,473,19,190721BP,"SPENCER RECOVERY CENTERS, INC.","SPENCER RECOVERY CENTERS, INC.",2530 HYPERION AVE,,,LOS ANGELES,CA,90027,(800) 334-0394,Certified,NON,0,0,11/30/2026,1.1 --- CO-ED,No,No,,,34.105136140299,-118.27292354697,Los Angeles County
-118.210348952,34.057299571,474,19,190774BP,"EXODUS RECOVERY, INC.","EXODUS RECOVERY, INC.",1902 MARENGO ST.,SUITE 200A,,LOS ANGELES,CA,90033,(310) 945-8815,Certified,NON,0,0,12/31/2026,1.1 --- CO-ED,No,No,,,34.057788236094,-118.210130770789,Los Angeles County
-118.427896722,34.0080251700001,479,19,190786DP,"ACADIA MALIBU, INC.","ACADIA MALIBU, INC.",3743 S. BARRINGTON AVENUE,,3743 1/2 AND 3744 S. BARRINGTON AVENUE,LOS ANGELES,CA,90066,(866) 984-1348,Licensed,RES-DETOX,18,18,4/30/2028,1.1 --- CO-ED,Yes,No,,,34.008300683465,-118.427528002499,Los Angeles County
-118.371405377,34.1142300440001,481,19,190788BP,"BREATHE WEHO TREATMENT SERVICES, LLC",BREATHE WEHO TREATMENT SERVICES,8001 JOVENITA CANYON DRIVE,,"8003, 8006, AND 8020 JOVENITA CANYON DRIVE",LOS ANGELES,CA,90046,(424) 302-2014,Licensed and Certified,RES,24,24,12/31/2027,1.1 --- CO-ED,No,No,,,34.114088390076,-118.371328598993,Los Angeles County
-118.44349997,34.057586735,488,19,190798JP,"A NEW START TREATMENT AND RECOVERY CENTER, LLC",MUSE TREATMENT,1251 WESTWOOD BLVD,,,LOS ANGELES,CA,90024,(800) 426-1818,Certified,NON,0,0,11/30/2026,1.1 --- CO-ED,No,No,,,34.057739369598,-118.443346078714,Los Angeles County
-118.275182889,33.959932366,489,19,190808CN,"BIENESTAR HUMAN SERVICES, INC.",BIENESTAR HUMAN SERVICES,130 W. MANCHESTER AVE,,,LOS ANGELES,CA,90003,(866) 590-6411,Certified,NON,0,0,5/31/2028,1.1 --- CO-ED,No,No,,,33.960008809324,-118.275183140428,Los Angeles County
-118.438588091,34.0395759530001,497,19,190827AP,"WESTSIDE TREATMENT, LLC",TOTALITY TREATMENT CENTER,11150 W. OLYMPIC BOULEVARD,#760,,LOS ANGELES,CA,90064,(888) 995-7687,Certified,NON,0,0,2/28/2027,1.1 --- CO-ED,No,No,,,34.039711572248,-118.438666881266,Los Angeles County
-118.387059587,34.075454354,499,19,190836AP,REVIVE DETOX,REVIVE DETOX,101 NORTH LA PEER DRIVE,,,LOS ANGELES,CA,90048,(323) 452-0921,Licensed,RES-DETOX,6,6,2/28/2027,1.1 --- CO-ED,Yes,No,,,34.075455527788,-118.386817182594,Los Angeles County
-118.247972801,34.008555368,500,19,190838AP,"LMPG FOUNDATION, LLC",HILLSMAN CENTER,1440 E. 41ST STREET,,,LOS ANGELES,CA,90011,(323) 231-2585,Licensed,RES,40,42,6/30/2027,1.2 --- MEN ONLY,No,No,,,34.008659303192,-118.247958216,Los Angeles County
-118.319673947,34.124822088,503,19,190852CP,"ALTA CENTERS, INC.",ALTA CENTERS INC.,6100 RODGERTON DRIVE,,"6075 RODGERTON DRIVE, AND 2172 ARGYLE AVENUE",LOS ANGELES,CA,90068,(818) 616-7443,Licensed,RES-DETOX,18,18,6/30/2027,1.1 --- CO-ED,Yes,No,,,34.124839857279,-118.319700014926,Los Angeles County
-118.451870474,34.032522623,504,19,190855BP,"MD HOME DETOX CONSULTING, INC.",LAUNCH,11900 W OLYMPIC BLVD,SUITE 750,,LOS ANGELES,CA,90064,(424) 358-3829,Certified,NON,0,0,1/31/2028,1.1 --- CO-ED,No,No,,,34.032685986735,-118.451899391809,Los Angeles County
-118.416342185,34.000046185,506,19,190858FP,"RESTORE HEALTH AND WELLNESS CENTER, LLC","RESTORE HEALTH AND WELLNESS CENTER, LLC",4323 COOLIDGE AVENUE,,"4315 COOLIDGE AVENUE, AND 4324 & 4320 MCLAUGHLIN AVE",LOS ANGELES,CA,90066,(949) 525-7977,Licensed,RES-DETOX,24,24,12/31/2026,1.1 --- CO-ED,Yes,No,,,34.000160514377,-118.416289965816,Los Angeles County
-118.437284454,34.0371040040001,529,19,190893BP,EXIS RECOVERY INC.,EXIS RECOVERY INC.,2332 COTNER AVENUE,SUITE 201,,LOS ANGELES,CA,90064,(424) 832-0848,Certified,NON,0,0,5/31/2028,1.1 --- CO-ED,No,No,,,34.037045582215,-118.437354107591,Los Angeles County
-118.447958808,34.0614761480001,533,19,190902DP,"RECOVERY GRADS, LLC",THE HAVEN AT COLLEGE,1015 GAYLEY AVENUE,SUITE 203,,LOS ANGELES,CA,90024,(917) 374-4215,Certified,NON,0,0,6/30/2028,1.1 --- CO-ED,No,No,,,34.061651916272,-118.447755630337,Los Angeles County
-118.299538856,34.0792206790001,536,19,190907AP,MELROSE RECOVERY LLC,MELROSE RECOVERY,501 N. MARIPOSA AVENUE,,4361 ROSEWOOD AVENUE,LOS ANGELES,CA,90004,(702) 901-9079,Licensed,RES-DETOX,8,8,10/31/2026,1.1 --- CO-ED,Yes,No,,,34.079222271256,-118.29925755891,Los Angeles County
-118.402420682,34.0217897640001,538,19,190921AP,"SILICON BEACH OUTPATIENT CENTER, LLC","SILICON BEACH OUTPATIENT CENTER, LLC",10211 VENICE BOULEVARD,,,LOS ANGELES,CA,90034,(866) 418-9837,Certified,NON,0,0,6/30/2028,1.1 --- CO-ED,No,No,,,34.021482399675,-118.402248769255,Los Angeles County
-118.469495521,34.042710911,539,19,190917AP,"INTEGRITY TREATMENT PROGRAM, LLC",RECOVERY INTEGRITY ,12301 WILSHIRE BOULEVARD,SUITE 206,,LOS ANGELES,CA,90025,(310) 294-9030,Certified,NON,0,0,7/31/2026,1.1 --- CO-ED,No,No,,,34.042582332176,-118.469395189765,Los Angeles County
-118.477645329,34.059448817,545,19,190937AP,"CASA BELLA SOBERLIVING-WEST, LLC","CASA BELLA SOBER LIVING - WEST, LLC",12167-69 W. SUNSET BLVD,,,LOS ANGELES,CA,90049,(310) 913-0023,Licensed,RES,8,8,12/31/2026,1.3 --- WOMEN ONLY,No,No,,,34.059161233743,-118.477416838742,Los Angeles County
-118.400546153,34.054343735,550,19,190981AP,"FORWARD RECOVERY SOLUTIONS, LLC",FORWARD RECOVERY SOLUTIONS,9740 WEST PICO BLVD.,,,LOS ANGELES,CA,90035,(310) 945-0344,Certified,NON,0,0,5/31/2027,1.10 --- CO-ED/YOUTH,No,No,,,34.054459237519,-118.400593259558,Los Angeles County
-118.431359035,34.005653217,552,19,190931BP,"PCH TREATMENT, INC.",PCH TREATMENT,3772 GRAND VIEW BLVD,,,LOS ANGELES,CA,90066,(424) 581-8621,Licensed and Certified,RES-DETOX,6,6,5/31/2028,1.1 --- CO-ED,Yes,No,,,34.005456075075,-118.43161560522,Los Angeles County
-118.401729175,34.0531514510001,554,19,190981BP,"FORWARD RECOVERY SOLUTIONS, LLC",FORWARD RECOVERY SOLUTIONS,1428 S. ROXBURY DRIVE,,1841 BENECIA AVE.,LOS ANGELES,CA,90035,(310) 488-9864,Licensed and Certified,RES-DETOX,12,12,9/30/2028,1.1 --- CO-ED,Yes,No,,,34.053110631208,-118.401857166738,Los Angeles County
-118.422414958,33.979516641,570,19,191020AP,ORIGINS TREATMENT CENTER LLC,ORIGINS TREATMENT CENTER,5300 BEETHOVEN STREET,,,LOS ANGELES,CA,90066,(626) 590-0772,Certified,NON,0,0,10/31/2027,1.1 --- CO-ED,No,No,,,33.979111040933,-118.422817792009,Los Angeles County
-118.295969674,34.0637342320001,578,19,191029AP,"BOLD RECOVERY, INC. ",BOLD RECOVERY,3407 W. 6TH STREET,SUITE 700,,LOS ANGELES,CA,90020,(213) 327-4209,Certified,NON,0,0,2/29/2028,1.1 --- CO-ED,No,No,,,34.063610683225,-118.295968919199,Los Angeles County
-118.338577067,34.0503529010001,589,19,191061AP,"CONQUER RECOVERY CENTERS, INC.",CONQUER RECOVERY,1324 KENISTON AVENUE,,,LOS ANGELES,CA,90019,(323) 452-0071,Licensed,RES-DETOX,6,6,12/31/2026,1.1 --- CO-ED,Yes,No,,,34.05044669474,-118.338820058079,Los Angeles County
-118.341974252,34.0545271730001,596,19,191038AP,"AVEDIS DETOX, INC.",AVEDIS DETOX,1122 SOUTH CITRUS AVENUE,,1124 SOUTH CITRUS AVENUE,LOS ANGELES,CA,90016,(818) 457-4189,Licensed,RES-DETOX,12,12,3/31/2028,1.1 --- CO-ED,Yes,No,,,34.054563131209,-118.34206712355,Los Angeles County
-118.197268908,34.138933566,597,19,191078BP,"RECOVERY ZONE, INC.","RECOVERY ZONE, INC.",1480 COLORADO BOULEVARD,SUITE 175,,LOS ANGELES,CA,90041-2381,(855) 626-4828,Certified,NON-DETOX,0,0,9/30/2028,1.1 --- CO-ED,No,No,,,34.139252581698,-118.197311907167,Los Angeles County
-118.275907924,34.0731316870001,612,19,191096CP,HIFI RECOVERY CORPS LLC,HIFI RECOVERY CORPS LLC,2707 WEST TEMPLE STREET,,,LOS ANGELES,CA,90026,(213) 263-5382,Certified,NON,0,0,5/31/2028,1.1 --- CO-ED,No,No,,,34.073010233265,-118.275962825062,Los Angeles County
-118.291530869,34.0938885480001,615,19,191104AP,"LIFE LANDSCAPING, INC.",LIFESCAPE RECOVERY CENTERS,1212 N VERMONT AVENUE,,,LOS ANGELES,CA,90029,(800) 530-3100,Certified,NON,0,0,10/31/2027,1.8 --- DUAL DIAGNOSIS,No,No,,,34.093888129151,-118.291720803032,Los Angeles County
-118.359560239,34.042867862,617,19,191102AP,1741 HAUSER BLVD DETOX LLC,THE DETOX CENTER OF LOS ANGELES,1741 HAUSER BOULEVARD,,"1741 1/2, 1743, 1743 1/2 HAUSER BOULEVARD",LOS ANGELES,CA,90019,(954) 533-7992,Licensed and Certified,RES-DETOX,18,18,9/30/2027,1.8 --- DUAL DIAGNOSIS,Yes,No,,,34.042701229473,-118.359105353411,Los Angeles County
-118.375778468,34.0521671220001,620,19,191114AP,JOSER FOREVER LLC,JOSER FOREVER LLC,1436 SOUTH LA CIENEGA BLVD,SUITE 203,,LOS ANGELES,CA,90035-3761,(323) 801-8511,Certified,NON,0,0,10/31/2027,1.1 --- CO-ED,No,No,,,34.052167122277,-118.375778467569,Los Angeles County
-118.324300422,34.1087690250001,624,19,191105AP,HILLCREST RECOVERY INC.,HOLLYWOOD HILLS RECOVERY ,6221 HOLLY MONT DRIVE,,,LOS ANGELES,CA,90068-3307,(323) 798-4475,Licensed,RES-DETOX,6,8,6/30/2027,1.1 --- CO-ED,Yes,No,,,34.108616641773,-118.324314168805,Los Angeles County
-118.279959149,34.1192393210001,625,19,191121AP,"NEW LIFE, INC",LUXE RECOVERY,3787 PRESTWICK DRIVE,,,LOS ANGELES,CA,90027-1321,(866) 589-3338,Licensed,RES-DETOX,6,6,11/30/2027,1.8 --- DUAL DIAGNOSIS,Yes,No,,,34.119136810358,-118.279733759481,Los Angeles County
-118.430254468,34.005197996,630,19,191126AP,AMERICAN RIVIERA LLC,MISSION HARBOR BEHAVIORAL HEALTH,12114 VENICE BLVD,,,LOS ANGELES,CA,90066,(310) 926-8924,Certified,NON,0,0,12/31/2027,1.1 --- CO-ED,No,No,,,34.005300255495,-118.430312051638,Los Angeles County
-118.402239968,33.977567933,634,19,191132AP,SOCAL TRANSITIONAL LIVING LLC,PURPOSES RECOVERY,7239 KENTWOOD AVE,,7301 KENTWOOD AVE,LOS ANGELES,CA,90045,(424) 227-6233,Licensed,RES-DETOX,12,12,4/30/2028,1.1 --- CO-ED,Yes,No,,,33.977552509856,-118.4019591745,Los Angeles County
-118.298689434,34.091574892,638,19,191138AP,SERENITY INVESTMENT LLC,RISE WELLNESS CENTER,1123 N. ALEXANDRIA AVENUE,,"1125, 1125 1/2 N. ALEXANDRIA AVENUE",LOS ANGELES,CA,90029,(323) 928-2568,Licensed,RES-DETOX,14,14,6/30/2026,1.1 --- CO-ED,Yes,No,,,34.091576148798,-118.298419117135,Los Angeles County
-118.412487851,34.0255706310001,651,19,191158AP,"LIFE LANDSCAPING, INC.",OVERLAND RECOVERY,3415 OVERLAND AVENUE,,,LOS ANGELES,CA,90034,(323) 443-3225,Certified,NON,0,0,9/30/2026,1.1 --- CO-ED,No,No,,,34.02566492745,-118.412362122169,Los Angeles County
-118.383192512,34.05222458,653,19,191159BP,"MANAGEMENT, INC.",SYNERGY RECOVERY,1481 S. WOOSTER ST,,1483 WOOSTER ST.,LOS ANGELES,CA,90035,(310) 327-6118,Licensed,RES-DETOX,12,12,3/31/2027,1.1 --- CO-ED,Yes,No,,,34.052224580223,-118.383192512385,Los Angeles County
-118.333231592,34.052946681,662,19,191159AP,"MANAGEMENT, INC.",SYNERGY RECOVERY,1173 S. MUIRFIELD AVE.,,1175 S. MUIRFIELD AVE.,LOS ANGELES,CA,90019,(310) 927-6118,Licensed,RES-DETOX,9,9,3/31/2027,1.1 --- CO-ED,Yes,No,,,34.052898736695,-118.333116340606,Los Angeles County
-118.364160395,34.1353839980001,710,19,191239AP,LNA REALTY,LUXE RECOVERY,3928 FREDONIA DRIVE,,,LOS ANGELES,CA,90068-1214,(818) 308-6146,Licensed,RES-DETOX,6,6,5/31/2027,1.1 --- CO-ED,Yes,No,,,34.13525039057,-118.364225522785,Los Angeles County
-118.329322775,34.1158315330001,713,19,191242AP,RITZ RECOVERY INC,RITZ RECOVERY ,6435 WEIDLAKE DRIVE,,"6451 WEIDLAKE DRIVE, AND 2100 VINE STREET",LOS ANGELES,CA,90068-2277,(213) 802-2202,Licensed,RES-DETOX,18,18,6/30/2027,1.1 --- CO-ED,Yes,No,,,34.115775038542,-118.329309783098,Los Angeles County
-118.358205724,34.054180414,717,19,191247AP,NO MATTER WHAT RECOVERY DETOX,NO MATTER WHAT RECOVERY DETOX,1132 S. CURSON AVENUE,,,LOS ANGELES,CA,90019,(323) 272-4001,Licensed,RES-DETOX,6,6,10/31/2027,1.1 --- CO-ED,Yes,No,,,34.054258449028,-118.358426922168,Los Angeles County
-118.298689601,34.0855832140001,739,19,191284AP,NUMA BEHAVIORAL HEALTH LLC,NUMA BEHAVIORAL HEALTH ,826 N. MARIPOSA AVE,,"830, 832 N MARIPOSA AVE",LOS ANGELES,CA,90029,(323) 359-4636,Licensed and Certified,RES-DETOX,18,18,1/31/2028,1.1 --- CO-ED,Yes,No,,,34.085582124109,-118.299013645527,Los Angeles County
-118.33991331,34.1232573120001,740,19,191278CP,LAKERIDGE RECOVERY CENTER,LAKERIDGE RECOVERY CENTER,6664 LAKERIDGE RD.,,,LOS ANGELES,CA,90068,(424) 202-2000,Licensed,RES-DETOX,6,6,5/31/2028,1.1 --- CO-ED,Yes,No,,,34.123226047551,-118.339999978589,Los Angeles County
-118.406032612,34.0228955050001,742,19,191287AP,NEW LIFE WELLNESS CENTER OF CALIFORNIA LLC,AURORA WELLNESS REDISCOVERY CENTER,3685 MOTOR AVE,SUITE 150,,LOS ANGELES,CA,90034,(310) 425-8058,Certified,NON,0,0,1/31/2028,1.1 --- CO-ED,No,No,,,34.022980664867,-118.405922054502,Los Angeles County
-118.389400234,34.1052557080001,747,19,191294AP,CARRARA TREATMENT WELLNESS & SPA,CARRARA TREATMENT WELLNESS & SPA,1813 MARCHEETA PLACE,,1814 MARCHEETA PLACE,LOS ANGELES,CA,90069,(323) 302-4722,Licensed,RES-DETOX,12,12,12/31/2027,1.1 --- CO-ED,Yes,No,,,34.105196867187,-118.389136371384,Los Angeles County
-118.372456552,34.065281699,750,19,191266AP,"CLEAR RECOVERY CENTER, LLC",CLEAR RECOVERY CENTER,640 S SAN VINCENT BLVD,SUITE 360,,LOS ANGELES,CA,90048,(877) 799-1985,Certified,NON,0,0,9/30/2027,1.1 --- CO-ED,No,No,,,34.065238867917,-118.372525450947,Los Angeles County
-118.408191622,34.034333701,753,19,191299AP,1 METHOD CORP,1 METHOD ,10254 BANNOCKBURN DRIVE,,3142 PATRICIA AVE,LOS ANGELES,CA,90064,(310) 837-7330,Licensed,RES-DETOX,12,12,12/31/2027,1.1 --- CO-ED,Yes,No,,,34.034441073441,-118.407982996855,Los Angeles County
-118.405076237,34.0346580390001,754,19,191299BP,1 METHOD CORP,1 METHOD,10127 ROSSBURY PLACE,,2210 SELBY AVENUE,LOS ANGELES,CA,90064,(800) 270-1389,Licensed,RES-DETOX,12,12,12/31/2027,1.1 --- CO-ED,Yes,No,,,34.034466512517,-118.405122756215,Los Angeles County
-118.343711737,34.031695036,767,19,191316AP,SERENE RECOVERY,SERENE RECOVERY,2628 VINEYARD AVE.,,"2628 1/2, 2630 VINEYARD AVE.",LOS ANGELES,CA,90016,(747) 250-4884,Licensed,RES-DETOX,16,16,1/31/2028,1.1 --- CO-ED,Yes,No,,,34.03184758687,-118.343920697618,Los Angeles County
-118.363248025,34.0758459150001,775,19,191326AP,"ELYSIAN HEALTH, LLC","ELYSIAN HEALTH, LLC",7966 BEVERLY BLVD.,SUITE 102 & 200,,LOS ANGELES,CA,90048,(855) 340-9952,Certified,NON,0,0,4/30/2028,1.1 --- CO-ED,No,No,,,34.076067280991,-118.36324852815,Los Angeles County
-118.299651173,34.0807543990001,777,19,191329BP,ARISE TREATMENT HOMES LLC,INVIGORATE BEHAVIORAL HEALTH ,553 N MARIPOSA AVENUE,,"553.5,555,555.5,557,557.5,559,559.5 N MARIPOSA AVENUE",LOS ANGELES,CA,90004,(844) 924-2114,Licensed and Certified,RES-DETOX,48,48,4/30/2027,1.1 --- CO-ED,Yes,No,,,34.080757752098,-118.299269209755,Los Angeles County
-118.446446545,34.0496736320001,783,19,191322AP,"SKYLINE RECOVERY CENTER, LLC",SKYLINE RECOVERY CENTER,1517 S. SEPULVEDA,,,LOS ANGELES,CA,90025,(310) 686-9689,Certified,NON,0,0,3/31/2028,1.1 --- CO-ED,No,No,,,34.049855686747,-118.446237667672,Los Angeles County
-118.364488379,34.075395723,787,19,191341AP,HOPESIDE DETOX LLC,HOPESIDE DETOX LLC,132 N. LAUREL AVE.,,,LOS ANGELES,CA,90048,(916) 860-9900,Licensed,RES-DETOX,6,6,10/31/2026,1.1 --- CO-ED,Yes,No,,,34.075394633261,-118.364732544108,Los Angeles County
-118.416735045,34.000972763,789,19,191347AP,"ASCEND HEALTHCARE, LLC",ASCEND CULVER,11515 W. WASHINGTON BLVD,,,LOS ANGELES,CA,90066,(310) 359-9403,Certified,NON,0,0,7/31/2028,1.1 --- CO-ED,No,No,,,34.000811075792,-118.416523653277,Los Angeles County
-118.228521253,34.1174424920001,799,19,191362AP,CA DRUG DETOX LLC,CA DRUG DETOX LLC,3839 SUNBEAM DRIVE,,,LOS ANGELES,CA,90065,(747) 326-0003,Licensed,RES-DETOX,6,6,6/30/2028,1.1 --- CO-ED,Yes,No,,,34.11739840364,-118.228528545344,Los Angeles County
-118.187987794,34.128767408,815,19,191379AN,"OPTIMIST'S BOYS HOME AND RANCH, INC.",HIGHLAND PARK,6957 N FIGUEROA ST,,,LOS ANGELES,CA,90042,(323) 443-3175,Certified,NON,0,0,2/28/2027,1.1 --- CO-ED,No,No,,,34.128857764475,-118.187783611095,Los Angeles County
-118.449146523,34.1839613600001,826,19,191392AP,"A WELLNESS CENTER, LLC","A WELLNESS CENTER, LLC",6259 VAN NUYS BOULEVARD,SUITE B,,LOS ANGELES,CA,91401,(818) 482-3272,Certified,NON-DETOX,0,0,9/30/2026,1.1 --- CO-ED,No,No,,,34.183957923289,-118.448749640234,Los Angeles County
-118.412899989,34.059429999,836,19,191404AP,BRIGHTSIDE HEALTH,BRIGHTSIDE HEALTH,2029 CENTURY PARK E,STE 400/478,,LOS ANGELES,CA,90067,(415) 360-3348,Certified,NON,0,0,10/31/2026,1.1 --- CO-ED,No,No,,,34.059429999469,-118.412899988896,Los Angeles County
-118.410499999,34.0314600080001,839,19,191410AN,VISTA DEL MAR CHILD AND FAMILY SERVICES,VISTA DEL MAR CHILD AND FAMILY SERVICES SUD OUTPATIENT TREATMENT PROGRAM,3200 MOTOR AVE,,,LOS ANGELES,CA,90034,(310) 836-1223,Certified,NON,0,0,11/30/2026,1.10 --- CO-ED/YOUTH,No,No,,,34.031313994914,-118.410962092881,Los Angeles County
-118.298948853,34.0166113820001,842,19,191412AP,"FREEDOM DETOX, LLC",FREEDOM DETOX,1249 ROLLAND CURTIS PLACE,,,LOS ANGELES,CA,90037,(310) 770-2646,Licensed and Certified,RES-DETOX,6,6,4/30/2027,1.1 --- CO-ED,Yes,No,,,34.016451958575,-118.298949021054,Los Angeles County
-118.343636383,34.1357611,846,19,191413BP,COLLABORATIVE ARTS WELLNESS CENTER LLC,HILLOCK HOUSE I,3229 HILLOCK DRIVE,,3235 HILLOCK DRIVE,LOS ANGELES,CA,90068,(323) 445-1560,Licensed,RES-DETOX,12,12,4/30/2027,1.1 --- CO-ED,Yes,No,,,34.13573084126,-118.343568573866,Los Angeles County
-118.356542167,34.1055276170001,851,19,191421AP,LEGACY HEALING CENTER LOS ANGELES LLC,LEGACY HEALING CENTER LOS ANGELES,1924 WATTLES DR,,,LOS ANGELES,CA,90046,(918) 916-9108,Licensed,RES-DETOX,6,6,1/31/2027,1.14 --- WOMEN/CHILD/DUAL,No,No,,,34.105668852155,-118.356628584842,Los Angeles County
-118.30729966,34.0038358530001,854,19,191423AN,L.A. GLOBAL CARE,L.A. GLOBAL CARE,1613 W VERNON AVE,,,LOS ANGELES,CA,90062,(323) 815-5400,Certified,NON,0,0,1/31/2027,1.1 --- CO-ED,No,No,,,34.003751531245,-118.30729974355,Los Angeles County
-118.348741214,34.0575040900001,866,19,191435BP,RECOVERY DYNAMICS LLC,RECOVERY DYNAMICS,948 SOUTH COCHRAN AVENUE,,,LOS ANGELES,CA,90036,(213) 333-3869,Licensed,RES-DETOX,16,16,5/30/2027,1.1 --- CO-ED,Yes,No,,,34.05758514258,-118.348946067667,Los Angeles County
-118.338456451,34.1037667470001,876,19,191435AP,RECOVERY DYNAMICS LLC,RECOVERY DYNAMICS,1776 N HIGHLAND AVE,,,LOS ANGELES,CA,90028,(310) 927-8811,Certified,NON-DETOX,0,0,1/31/2027,1.1 --- CO-ED,No,No,,,34.103825001094,-118.338544880198,Los Angeles County
-118.314921157,34.0479670760001,898,19,191453AP,"CALIFORNIA DETOX & RECOVERY CENTER, LLC","CALIFORNIA DETOX & RECOVERY CENTER, LLC",1237 S WILTON PI,,,LOS ANGELES,CA,90019,(213) 772-5037,Licensed,RES-DETOX,6,6,2/28/2027,1.1 --- CO-ED,Yes,No,,,34.047968585066,-118.314510275756,Los Angeles County
-118.309405445,33.9408493290001,904,19,191480AN,"COMMUNITY ASSISTANCE SERVICES, INC","COMMUNITY ASSISTANCE SERVICES, INC",10501 S. WESTERN AVE,,,LOS ANGELES,CA,90047,(310) 259-5207,Certified,NON-DETOX,0,0,12/31/2026,1.1 --- CO-ED,No,No,,,33.940849329317,-118.309049382018,Los Angeles County
-118.351046824,34.0578470770001,913,19,191484AP,ALL WAVES SETTLE BEHAVIORAL HEALTH,ALL WAVES SETTLE BEHAVIORAL HEALTH,936 SOUTH BURNSIDE AVE,,,LOS ANGELES,CA,90036,(801) 448-3313,Licensed,RES-DETOX,6,6,4/30/2027,1.1 --- CO-ED,Yes,No,,,34.057881107581,-118.35112988872,Los Angeles County
-118.355403905,34.048702044,916,19,191493AP,"KASA RECOVERY, INC. ",KASA RECOVERY,5369 W PICO BLVD,,,LOS ANGELES,CA,90019,(714) 925-2353,Certified,NON,0,0,5/31/2027,1.1 --- CO-ED,No,No,,,34.048459722683,-118.355420836413,Los Angeles County
-118.324293549,34.1119679780001,918,19,191495AP,TEMPLE HILL HOLLYWOOD DETOX INC,TEMPLE HILL HOLLYWOOD DETOX INC,6181 TEMPLE HILL DR,,,LOS ANGELES,CA,90068,(323) 584-8888,Licensed and Certified,RES-DETOX,6,6,6/30/2027,1.1 --- CO-ED,Yes,No,,,34.111931852117,-118.324303775245,Los Angeles County
-118.33914997,34.0087890130001,924,19,191505AN,CALIFORNIA INSTITUTE OF HEALTH & SOCIAL SERVICES ALCOHOL & DRUG EDUCATION PROGRAM ,CALIFORNIA INSTITUTE OF HEALTH & SOCIAL SERVICES ALCOHOL & DRUG EDUCATION PROGRAM ,3756 SANTA ROSALIA DRIVE,SUITE 310,,LOS ANGELES,CA,90008,(310) 645-5227,Certified,NON,0,0,4/30/2027,1.1 --- CO-ED,No,No,,,34.008884483021,-118.338905134396,Los Angeles County
-118.269249759,34.1109033930001,932,19,191499AP,LOS FELIZ DETOX CENTER INC.,LOS FELIZ DETOX CENTER INC.,3012 HYPERION AVE,,,LOS ANGELES,CA,90027,(323) 300-8066,Licensed and Certified,RES-DETOX,6,6,6/30/2027,1.1 --- CO-ED,Yes,No,,,34.111031384259,-118.26936651872,Los Angeles County
-118.436886065,34.184333054,938,19,191523BP,RECOVERY OASIS INC,RECOVERY OASIS INC,13934 SYLVAN STREET ,,,LOS ANGELES,CA,91401,,Licensed,RES-DETOX,4,4,6/30/2028,1.1 --- CO-ED,Yes,No,,,34.184333054409,-118.436886065295,Los Angeles County
-118.328186943,34.110899998,944,19,191528AP,CIRCLE OF STRENGTH RECOVERY,CIRCLE OF STRENGTH RECOVERY,2216 WILLETTA STREET,,,LOS ANGELES,CA,90068,(323) 509-3009,Licensed,RES-DETOX,6,6,5/31/2027,1.1 --- CO-ED,Yes,No,,,34.110957833059,-118.328205299717,Los Angeles County
-118.338681757,34.0323672230001,949,19,191535AP,"ADVOCATE BEHAVIORAL HEALTH, LLC","ADVOCATE BEHAVIORAL HEALTH, LLC",4500 W. ADAMS BLVD.,,,LOS ANGELES,CA,90016,(916) 879-8921,Certified,NON,0,0,8/31/2027,1.1 --- CO-ED,No,No,,,34.03253494484,-118.338682091953,Los Angeles County
-118.298232033,33.9808353660001,951,19,191538AP,KEYSTONE HEALTH GROUP LLC,SUNSET HAVEN,6415 RAYMOND AVE,,,LOS ANGELES,CA,90044,(323) 688-1877,Licensed,RES-DETOX,6,6,8/31/2027,1.1 --- CO-ED,Yes,No,,,33.980835366054,-118.298070429963,Los Angeles County
-118.297715037,34.0123090770001,956,19,191544AN,"BUILDING LIVES ENT, INC","BUILDING LIVES ENT, INC",1209 BROWNING BLVD,,,LOS ANGELES,CA,90037,(323) 596-3160,Certified,NON,0,0,10/31/2027,1.1 --- CO-ED,No,No,,,34.012117215438,-118.297715037268,Los Angeles County
-118.315958836,33.960348821,966,19,191557AP,REGGIE'S TREATMENT CENTER I LLC ,REGGIE'S TREATMENT CENTER I LLC ,2107 W. MANCHESTER AVE.,UNIT 204,,LOS ANGELES,CA,90047,(818) 940-6697,Certified,NON,0,0,10/31/2027,1.1 --- CO-ED,No,No,,,33.959996529836,-118.315963362491,Los Angeles County
-118.304224004,34.0850129930001,973,19,191567AP,THE DISTRICT RECOVERY CENTER LLC,ALLIANCE RECOVERY,807 N. HARVARD BOULEVARD,,"807.5, 809, 809.5, 811, 811.5, 813 AND 813.5 N. HARVARD BOULEVARD",LOS ANGELES,CA,90029,(704) 408-1660,Licensed and Certified,RES-DETOX,48,48,5/31/2028,1.1 --- CO-ED,Yes,No,,,34.085012992884,-118.304224004179,Los Angeles County
-118.34535283,34.103499867,980,19,191573AP,HAMBURGER HOME,AVIVA FAMILY AND CHILDREN SERVICES,7120 FRANLKLIN AVE.,,,LOS ANGELES,CA,90046,(323) 876-0550,Certified,NON,0,0,11/30/2027,1.1 --- CO-ED,No,No,,,34.103838244501,-118.345509655003,Los Angeles County
-118.445208538,34.0582210360001,1012,19,191609AP,THE ULTIMATE WELLNESS PROGRAM,THE ULTIMATE WELLNESS PROGRAM,10940 WILSHIRE BLVD,SUITE 1600,,LOS ANGELES,CA,90024,(424) 289-0299,Certified,NON,0,0,1/31/2028,1.1 --- CO-ED,No,No,,,34.058388757547,-118.445255392438,Los Angeles County
-118.235817365,34.064475821,1017,19,191616AN,HOMEBOY INDUSTRIES,HOMEBOY INDUSTRIES TREATMENT SERVICES (HITS),1231 NO. SPRING STREET,,,LOS ANGELES,CA,90012,(323) 526-1254,Certified,NON,0,0,5/31/2028,1.1 --- CO-ED,No,No,,,34.06429242532,-118.235420062316,Los Angeles County
-118.329201657,34.004857272,1031,19,191629AP,"TURNING POINT CENTER FOR RECOVERY SERVICES, INC.",PATHWAY TO RECOVERY,4350 11TH AVE,,,LOS ANGELES,CA,90008,,Certified,NON-DETOX,0,0,6/30/2028,1.1 --- CO-ED,No,No,,,34.004857523369,-118.329339790311,Los Angeles County
-118.434455394,34.0472777910001,1042,19,191643AP,GOLDEN STATE REHAB LLC,GOLDEN STATE REHAB LLC,1964 WESTWOOD BLVD ,#425,,LOS ANGELES,CA,90025,(404) 207-7485,Certified,NON-DETOX,0,0,4/30/2028,1.1 --- CO-ED,No,No,,,34.04717787823,-118.434572153927,Los Angeles County
-118.347588032,34.0502410030001,1047,19,191661AP,REIGN RECOVERY INC.,REIGN RECOVERY LA,1289 S. SYCAMORE AVENUE ,,,LOS ANGELES,CA,90019,(323) 356-3668,Licensed,RES-DETOX,6,6,5/31/2028,1.1 --- CO-ED,Yes,No,,,34.050118710869,-118.347282678982,Los Angeles County
